Image,Method Key,Method,Reference Available,FP Masks / Image,Precision,Recall,F1 Score,TP,FP,FN
00655d9628,1_bm3d,BM3D only,True,0,1.0,1.0,1.0,4,0,0
00655d9628,2_bm3d_noise2sr,BM3D + Noise2SR,True,0,1.0,1.0,1.0,4,0,0
00655d9628,3_bm3d_noise2sr_clahe,BM3D + Noise2SR + CLAHE,True,0,1.0,1.0,1.0,4,0,0
00655d9628,4_bm3d_clahe,BM3D + CLAHE,True,1,0.75,0.75,0.75,3,1,1
0113230c21,1_bm3d,BM3D only,True,0,0.0,0.0,0.0,0,0,7
0113230c21,2_bm3d_noise2sr,BM3D + Noise2SR,True,0,0.0,0.0,0.0,0,0,7
0113230c21,3_bm3d_noise2sr_clahe,BM3D + Noise2SR + CLAHE,True,0,0.0,0.0,0.0,0,0,7
0113230c21,4_bm3d_clahe,BM3D + CLAHE,True,0,0.0,0.0,0.0,0,0,7
01ac659240,1_bm3d,BM3D only,True,2,0.75,1.0,0.8571428571428571,6,2,0
01ac659240,2_bm3d_noise2sr,BM3D + Noise2SR,True,2,0.75,1.0,0.8571428571428571,6,2,0
01ac659240,3_bm3d_noise2sr_clahe,BM3D + Noise2SR + CLAHE,True,0,1.0,1.0,1.0,6,0,0
01ac659240,4_bm3d_clahe,BM3D + CLAHE,True,0,1.0,1.0,1.0,6,0,0
027f25010a,1_bm3d,BM3D only,True,0,1.0,1.0,1.0,4,0,0
027f25010a,2_bm3d_noise2sr,BM3D + Noise2SR,True,0,1.0,1.0,1.0,4,0,0
027f25010a,3_bm3d_noise2sr_clahe,BM3D + Noise2SR + CLAHE,True,0,1.0,0.75,0.8571428571428571,3,0,1
027f25010a,4_bm3d_clahe,BM3D + CLAHE,True,0,1.0,1.0,1.0,4,0,0
0289bd97e6,1_bm3d,BM3D only,True,0,1.0,0.611764705882353,0.759124087591241,52,0,33
0289bd97e6,2_bm3d_noise2sr,BM3D + Noise2SR,True,1,0.9833333333333332,0.6941176470588235,0.8137931034482759,59,1,26
0289bd97e6,3_bm3d_noise2sr_clahe,BM3D + Noise2SR + CLAHE,True,0,0.0,0.0,0.0,0,0,85
0289bd97e6,4_bm3d_clahe,BM3D + CLAHE,True,0,0.0,0.0,0.0,0,0,85
032bd4a6b1,1_bm3d,BM3D only,True,1,0.8571428571428571,1.0,0.923076923076923,6,1,0
032bd4a6b1,2_bm3d_noise2sr,BM3D + Noise2SR,True,0,1.0,1.0,1.0,6,0,0
032bd4a6b1,3_bm3d_noise2sr_clahe,BM3D + Noise2SR + CLAHE,True,1,0.8571428571428571,1.0,0.923076923076923,6,1,0
032bd4a6b1,4_bm3d_clahe,BM3D + CLAHE,True,1,0.8571428571428571,1.0,0.923076923076923,6,1,0
0384c4e782,1_bm3d,BM3D only,True,3,0.625,1.0,0.7692307692307693,5,3,0
0384c4e782,2_bm3d_noise2sr,BM3D + Noise2SR,True,3,0.625,1.0,0.7692307692307693,5,3,0
0384c4e782,3_bm3d_noise2sr_clahe,BM3D + Noise2SR + CLAHE,True,0,1.0,1.0,1.0,5,0,0
0384c4e782,4_bm3d_clahe,BM3D + CLAHE,True,0,1.0,1.0,1.0,5,0,0
03a1d18cc6,1_bm3d,BM3D only,True,1,0.5,1.0,0.6666666666666666,1,1,0
03a1d18cc6,2_bm3d_noise2sr,BM3D + Noise2SR,True,1,0.5,1.0,0.6666666666666666,1,1,0
03a1d18cc6,3_bm3d_noise2sr_clahe,BM3D + Noise2SR + CLAHE,True,0,1.0,1.0,1.0,1,0,0
03a1d18cc6,4_bm3d_clahe,BM3D + CLAHE,True,0,1.0,1.0,1.0,1,0,0
03cd0b2741,1_bm3d,BM3D only,True,0,1.0,1.0,1.0,4,0,0
03cd0b2741,2_bm3d_noise2sr,BM3D + Noise2SR,True,0,1.0,1.0,1.0,4,0,0
03cd0b2741,3_bm3d_noise2sr_clahe,BM3D + Noise2SR + CLAHE,True,0,1.0,1.0,1.0,4,0,0
03cd0b2741,4_bm3d_clahe,BM3D + CLAHE,True,0,1.0,1.0,1.0,4,0,0
04dbda93f9,1_bm3d,BM3D only,True,0,1.0,1.0,1.0,27,0,0
04dbda93f9,2_bm3d_noise2sr,BM3D + Noise2SR,True,0,1.0,1.0,1.0,27,0,0
04dbda93f9,3_bm3d_noise2sr_clahe,BM3D + Noise2SR + CLAHE,True,0,0.0,0.0,0.0,0,0,27
04dbda93f9,4_bm3d_clahe,BM3D + CLAHE,True,1,0.9285714285714286,0.4814814814814814,0.6341463414634146,13,1,14
065d8e352c,1_bm3d,BM3D only,True,0,0.0,0.0,0.0,0,0,29
065d8e352c,2_bm3d_noise2sr,BM3D + Noise2SR,True,0,0.0,0.0,0.0,0,0,29
065d8e352c,3_bm3d_noise2sr_clahe,BM3D + Noise2SR + CLAHE,True,0,0.0,0.0,0.0,0,0,29
065d8e352c,4_bm3d_clahe,BM3D + CLAHE,True,0,0.0,0.0,0.0,0,0,29
07330c8ea1,1_bm3d,BM3D only,True,0,1.0,0.0869565217391304,0.16,6,0,63
07330c8ea1,2_bm3d_noise2sr,BM3D + Noise2SR,True,0,1.0,0.144927536231884,0.2531645569620253,10,0,59
07330c8ea1,3_bm3d_noise2sr_clahe,BM3D + Noise2SR + CLAHE,True,0,0.0,0.0,0.0,0,0,69
07330c8ea1,4_bm3d_clahe,BM3D + CLAHE,True,0,0.0,0.0,0.0,0,0,69
08549eb98f,1_bm3d,BM3D only,True,1,0.9545454545454546,0.9545454545454546,0.9545454545454546,21,1,1
08549eb98f,2_bm3d_noise2sr,BM3D + Noise2SR,True,1,0.9565217391304348,1.0,0.9777777777777776,22,1,0
08549eb98f,3_bm3d_noise2sr_clahe,BM3D + Noise2SR + CLAHE,True,1,0.9565217391304348,1.0,0.9777777777777776,22,1,0
08549eb98f,4_bm3d_clahe,BM3D + CLAHE,True,1,0.9565217391304348,1.0,0.9777777777777776,22,1,0
0a55e7c93f,1_bm3d,BM3D only,True,0,1.0,1.0,1.0,24,0,0
0a55e7c93f,2_bm3d_noise2sr,BM3D + Noise2SR,True,0,1.0,1.0,1.0,24,0,0
0a55e7c93f,3_bm3d_noise2sr_clahe,BM3D + Noise2SR + CLAHE,True,0,1.0,1.0,1.0,24,0,0
0a55e7c93f,4_bm3d_clahe,BM3D + CLAHE,True,0,1.0,1.0,1.0,24,0,0
0e41d62d5d,1_bm3d,BM3D only,True,2,0.0,0.0,0.0,0,2,1
0e41d62d5d,2_bm3d_noise2sr,BM3D + Noise2SR,True,0,0.0,0.0,0.0,0,0,1
0e41d62d5d,3_bm3d_noise2sr_clahe,BM3D + Noise2SR + CLAHE,True,0,0.0,0.0,0.0,0,0,1
0e41d62d5d,4_bm3d_clahe,BM3D + CLAHE,True,1,0.0,0.0,0.0,0,1,1
10d85f70bd,1_bm3d,BM3D only,True,0,1.0,1.0,1.0,3,0,0
10d85f70bd,2_bm3d_noise2sr,BM3D + Noise2SR,True,0,1.0,1.0,1.0,3,0,0
10d85f70bd,3_bm3d_noise2sr_clahe,BM3D + Noise2SR + CLAHE,True,0,1.0,1.0,1.0,3,0,0
10d85f70bd,4_bm3d_clahe,BM3D + CLAHE,True,0,1.0,1.0,1.0,3,0,0
1206963ed7,1_bm3d,BM3D only,True,0,1.0,1.0,1.0,8,0,0
1206963ed7,2_bm3d_noise2sr,BM3D + Noise2SR,True,0,1.0,1.0,1.0,8,0,0
1206963ed7,3_bm3d_noise2sr_clahe,BM3D + Noise2SR + CLAHE,True,0,1.0,0.625,0.7692307692307693,5,0,3
1206963ed7,4_bm3d_clahe,BM3D + CLAHE,True,1,0.8333333333333334,0.625,0.7142857142857143,5,1,3
132788669c,1_bm3d,BM3D only,True,1,0.9333333333333332,0.875,0.9032258064516128,14,1,2
132788669c,2_bm3d_noise2sr,BM3D + Noise2SR,True,3,0.8235294117647058,0.875,0.8484848484848485,14,3,2
132788669c,3_bm3d_noise2sr_clahe,BM3D + Noise2SR + CLAHE,True,0,1.0,0.9375,0.967741935483871,15,0,1
132788669c,4_bm3d_clahe,BM3D + CLAHE,True,0,1.0,0.9375,0.967741935483871,15,0,1
15a3ba1c51,1_bm3d,BM3D only,True,3,0.8636363636363636,0.95,0.9047619047619048,19,3,1
15a3ba1c51,2_bm3d_noise2sr,BM3D + Noise2SR,True,3,0.8571428571428571,0.9,0.8780487804878048,18,3,2
15a3ba1c51,3_bm3d_noise2sr_clahe,BM3D + Noise2SR + CLAHE,True,1,0.9473684210526316,0.9,0.9230769230769232,18,1,2
15a3ba1c51,4_bm3d_clahe,BM3D + CLAHE,True,0,1.0,0.9,0.9473684210526316,18,0,2
1700be1235,1_bm3d,BM3D only,True,0,1.0,1.0,1.0,7,0,0
1700be1235,2_bm3d_noise2sr,BM3D + Noise2SR,True,0,1.0,1.0,1.0,7,0,0
1700be1235,3_bm3d_noise2sr_clahe,BM3D + Noise2SR + CLAHE,True,0,1.0,0.7142857142857143,0.8333333333333333,5,0,2
1700be1235,4_bm3d_clahe,BM3D + CLAHE,True,0,1.0,0.8571428571428571,0.923076923076923,6,0,1
1736c60650,1_bm3d,BM3D only,True,0,1.0,1.0,1.0,3,0,0
1736c60650,2_bm3d_noise2sr,BM3D + Noise2SR,True,0,1.0,1.0,1.0,3,0,0
1736c60650,3_bm3d_noise2sr_clahe,BM3D + Noise2SR + CLAHE,True,0,1.0,1.0,1.0,3,0,0
1736c60650,4_bm3d_clahe,BM3D + CLAHE,True,1,0.75,1.0,0.8571428571428571,3,1,0
173c98ef82,1_bm3d,BM3D only,True,0,1.0,0.9696969696969696,0.9846153846153848,32,0,1
173c98ef82,2_bm3d_noise2sr,BM3D + Noise2SR,True,0,1.0,0.9393939393939394,0.96875,31,0,2
173c98ef82,3_bm3d_noise2sr_clahe,BM3D + Noise2SR + CLAHE,True,0,1.0,0.0303030303030303,0.0588235294117647,1,0,32
173c98ef82,4_bm3d_clahe,BM3D + CLAHE,True,0,1.0,0.0606060606060606,0.1142857142857143,2,0,31
17f1cecc7a,1_bm3d,BM3D only,True,0,1.0,1.0,1.0,1,0,0
17f1cecc7a,2_bm3d_noise2sr,BM3D + Noise2SR,True,0,1.0,1.0,1.0,1,0,0
17f1cecc7a,3_bm3d_noise2sr_clahe,BM3D + Noise2SR + CLAHE,True,0,1.0,1.0,1.0,1,0,0
17f1cecc7a,4_bm3d_clahe,BM3D + CLAHE,True,1,0.5,1.0,0.6666666666666666,1,1,0
19b0afdf81,1_bm3d,BM3D only,True,1,0.0,0.0,0.0,0,1,1
19b0afdf81,2_bm3d_noise2sr,BM3D + Noise2SR,True,1,0.0,0.0,0.0,0,1,1
19b0afdf81,3_bm3d_noise2sr_clahe,BM3D + Noise2SR + CLAHE,True,0,0.0,0.0,0.0,0,0,1
19b0afdf81,4_bm3d_clahe,BM3D + CLAHE,True,1,0.0,0.0,0.0,0,1,1
1a29c5b84f,1_bm3d,BM3D only,True,0,1.0,0.95,0.9743589743589745,19,0,1
1a29c5b84f,2_bm3d_noise2sr,BM3D + Noise2SR,True,0,1.0,0.9,0.9473684210526316,18,0,2
1a29c5b84f,3_bm3d_noise2sr_clahe,BM3D + Noise2SR + CLAHE,True,0,1.0,0.8,0.888888888888889,16,0,4
1a29c5b84f,4_bm3d_clahe,BM3D + CLAHE,True,1,0.9411764705882352,0.8,0.8648648648648648,16,1,4
1b3c6536a3,1_bm3d,BM3D only,True,0,1.0,0.9583333333333334,0.9787234042553192,23,0,1
1b3c6536a3,2_bm3d_noise2sr,BM3D + Noise2SR,True,0,1.0,0.9583333333333334,0.9787234042553192,23,0,1
1b3c6536a3,3_bm3d_noise2sr_clahe,BM3D + Noise2SR + CLAHE,True,0,1.0,0.8333333333333334,0.9090909090909092,20,0,4
1b3c6536a3,4_bm3d_clahe,BM3D + CLAHE,True,0,1.0,0.9583333333333334,0.9787234042553192,23,0,1
1b935635dd,1_bm3d,BM3D only,True,2,0.6666666666666666,1.0,0.8,4,2,0
1b935635dd,2_bm3d_noise2sr,BM3D + Noise2SR,True,4,0.4285714285714285,0.75,0.5454545454545454,3,4,1
1b935635dd,3_bm3d_noise2sr_clahe,BM3D + Noise2SR + CLAHE,True,0,1.0,1.0,1.0,4,0,0
1b935635dd,4_bm3d_clahe,BM3D + CLAHE,True,0,1.0,1.0,1.0,4,0,0
1bed563906,1_bm3d,BM3D only,True,0,1.0,1.0,1.0,2,0,0
1bed563906,2_bm3d_noise2sr,BM3D + Noise2SR,True,0,1.0,1.0,1.0,2,0,0
1bed563906,3_bm3d_noise2sr_clahe,BM3D + Noise2SR + CLAHE,True,0,1.0,1.0,1.0,2,0,0
1bed563906,4_bm3d_clahe,BM3D + CLAHE,True,4,0.3333333333333333,1.0,0.5,2,4,0
1bf56ce626,1_bm3d,BM3D only,True,0,1.0,1.0,1.0,19,0,0
1bf56ce626,2_bm3d_noise2sr,BM3D + Noise2SR,True,0,1.0,1.0,1.0,19,0,0
1bf56ce626,3_bm3d_noise2sr_clahe,BM3D + Noise2SR + CLAHE,True,0,1.0,0.9473684210526316,0.972972972972973,18,0,1
1bf56ce626,4_bm3d_clahe,BM3D + CLAHE,True,0,1.0,0.9473684210526316,0.972972972972973,18,0,1
1cb46bfdd5,1_bm3d,BM3D only,True,0,1.0,1.0,1.0,4,0,0
1cb46bfdd5,2_bm3d_noise2sr,BM3D + Noise2SR,True,0,1.0,1.0,1.0,4,0,0
1cb46bfdd5,3_bm3d_noise2sr_clahe,BM3D + Noise2SR + CLAHE,True,1,0.8,1.0,0.888888888888889,4,1,0
1cb46bfdd5,4_bm3d_clahe,BM3D + CLAHE,True,5,0.4444444444444444,1.0,0.6153846153846153,4,5,0
1d67fb3321,1_bm3d,BM3D only,True,0,1.0,1.0,1.0,6,0,0
1d67fb3321,2_bm3d_noise2sr,BM3D + Noise2SR,True,0,1.0,1.0,1.0,6,0,0
1d67fb3321,3_bm3d_noise2sr_clahe,BM3D + Noise2SR + CLAHE,True,0,1.0,1.0,1.0,6,0,0
1d67fb3321,4_bm3d_clahe,BM3D + CLAHE,True,0,1.0,1.0,1.0,6,0,0
1e0f5d817e,1_bm3d,BM3D only,True,7,0.4615384615384615,1.0,0.631578947368421,6,7,0
1e0f5d817e,2_bm3d_noise2sr,BM3D + Noise2SR,True,5,0.5454545454545454,1.0,0.7058823529411764,6,5,0
1e0f5d817e,3_bm3d_noise2sr_clahe,BM3D + Noise2SR + CLAHE,True,0,1.0,0.8333333333333334,0.9090909090909092,5,0,1
1e0f5d817e,4_bm3d_clahe,BM3D + CLAHE,True,2,0.3333333333333333,0.1666666666666666,0.2222222222222222,1,2,5
1ecd5c901c,1_bm3d,BM3D only,True,0,1.0,0.5735294117647058,0.7289719626168224,39,0,29
1ecd5c901c,2_bm3d_noise2sr,BM3D + Noise2SR,True,0,1.0,0.4411764705882353,0.6122448979591837,30,0,38
1ecd5c901c,3_bm3d_noise2sr_clahe,BM3D + Noise2SR + CLAHE,True,0,0.0,0.0,0.0,0,0,68
1ecd5c901c,4_bm3d_clahe,BM3D + CLAHE,True,0,0.0,0.0,0.0,0,0,68
207bb15702,1_bm3d,BM3D only,True,1,0.875,0.875,0.875,7,1,1
207bb15702,2_bm3d_noise2sr,BM3D + Noise2SR,True,0,1.0,1.0,1.0,8,0,0
207bb15702,3_bm3d_noise2sr_clahe,BM3D + Noise2SR + CLAHE,True,0,1.0,0.75,0.8571428571428571,6,0,2
207bb15702,4_bm3d_clahe,BM3D + CLAHE,True,0,1.0,0.75,0.8571428571428571,6,0,2
21308b3614,1_bm3d,BM3D only,True,0,1.0,0.9166666666666666,0.9565217391304348,11,0,1
21308b3614,2_bm3d_noise2sr,BM3D + Noise2SR,True,0,1.0,0.9166666666666666,0.9565217391304348,11,0,1
21308b3614,3_bm3d_noise2sr_clahe,BM3D + Noise2SR + CLAHE,True,0,1.0,0.8333333333333334,0.9090909090909092,10,0,2
21308b3614,4_bm3d_clahe,BM3D + CLAHE,True,0,1.0,0.9166666666666666,0.9565217391304348,11,0,1
2181ebb330,1_bm3d,BM3D only,True,0,1.0,0.8333333333333334,0.9090909090909092,5,0,1
2181ebb330,2_bm3d_noise2sr,BM3D + Noise2SR,True,0,1.0,0.8333333333333334,0.9090909090909092,5,0,1
2181ebb330,3_bm3d_noise2sr_clahe,BM3D + Noise2SR + CLAHE,True,0,1.0,0.6666666666666666,0.8,4,0,2
2181ebb330,4_bm3d_clahe,BM3D + CLAHE,True,0,1.0,0.8333333333333334,0.9090909090909092,5,0,1
2242820128,1_bm3d,BM3D only,True,2,0.8,0.8888888888888888,0.8421052631578948,8,2,1
2242820128,2_bm3d_noise2sr,BM3D + Noise2SR,True,2,0.7777777777777778,0.7777777777777778,0.7777777777777778,7,2,2
2242820128,3_bm3d_noise2sr_clahe,BM3D + Noise2SR + CLAHE,True,1,0.8888888888888888,0.8888888888888888,0.8888888888888888,8,1,1
2242820128,4_bm3d_clahe,BM3D + CLAHE,True,0,1.0,0.8888888888888888,0.9411764705882352,8,0,1
22c776b059,1_bm3d,BM3D only,True,3,0.7857142857142857,0.7857142857142857,0.7857142857142857,11,3,3
22c776b059,2_bm3d_noise2sr,BM3D + Noise2SR,True,2,0.8461538461538461,0.7857142857142857,0.8148148148148148,11,2,3
22c776b059,3_bm3d_noise2sr_clahe,BM3D + Noise2SR + CLAHE,True,1,0.9,0.6428571428571429,0.75,9,1,5
22c776b059,4_bm3d_clahe,BM3D + CLAHE,True,1,0.9,0.6428571428571429,0.75,9,1,5
22d5aab090,1_bm3d,BM3D only,True,1,0.981132075471698,0.9629629629629628,0.97196261682243,52,1,2
22d5aab090,2_bm3d_noise2sr,BM3D + Noise2SR,True,1,0.981132075471698,0.9629629629629628,0.97196261682243,52,1,2
22d5aab090,3_bm3d_noise2sr_clahe,BM3D + Noise2SR + CLAHE,True,1,0.981132075471698,0.9629629629629628,0.97196261682243,52,1,2
22d5aab090,4_bm3d_clahe,BM3D + CLAHE,True,1,0.981132075471698,0.9629629629629628,0.97196261682243,52,1,2
2387be5eaf,1_bm3d,BM3D only,True,71,0.0138888888888888,0.5,0.027027027027027,1,71,1
2387be5eaf,2_bm3d_noise2sr,BM3D + Noise2SR,True,55,0.0178571428571428,0.5,0.0344827586206896,1,55,1
2387be5eaf,3_bm3d_noise2sr_clahe,BM3D + Noise2SR + CLAHE,True,4,0.3333333333333333,1.0,0.5,2,4,0
2387be5eaf,4_bm3d_clahe,BM3D + CLAHE,True,8,0.2,1.0,0.3333333333333333,2,8,0
245e1a4826,1_bm3d,BM3D only,True,0,1.0,0.40625,0.5777777777777777,52,0,76
245e1a4826,2_bm3d_noise2sr,BM3D + Noise2SR,True,0,1.0,0.4921875,0.6596858638743456,63,0,65
245e1a4826,3_bm3d_noise2sr_clahe,BM3D + Noise2SR + CLAHE,True,0,0.0,0.0,0.0,0,0,128
245e1a4826,4_bm3d_clahe,BM3D + CLAHE,True,0,1.0,0.0234375,0.0458015267175572,3,0,125
2556313831,1_bm3d,BM3D only,True,0,1.0,0.925,0.961038961038961,37,0,3
2556313831,2_bm3d_noise2sr,BM3D + Noise2SR,True,0,1.0,0.925,0.961038961038961,37,0,3
2556313831,3_bm3d_noise2sr_clahe,BM3D + Noise2SR + CLAHE,True,0,1.0,0.725,0.8405797101449275,29,0,11
2556313831,4_bm3d_clahe,BM3D + CLAHE,True,0,1.0,0.75,0.8571428571428571,30,0,10
257e44104b,1_bm3d,BM3D only,True,2,0.9047619047619048,1.0,0.95,19,2,0
257e44104b,2_bm3d_noise2sr,BM3D + Noise2SR,True,1,0.95,1.0,0.9743589743589745,19,1,0
257e44104b,3_bm3d_noise2sr_clahe,BM3D + Noise2SR + CLAHE,True,0,1.0,0.9473684210526316,0.972972972972973,18,0,1
257e44104b,4_bm3d_clahe,BM3D + CLAHE,True,2,0.9047619047619048,1.0,0.95,19,2,0
25af264996,1_bm3d,BM3D only,True,8,0.2727272727272727,0.75,0.3999999999999999,3,8,1
25af264996,2_bm3d_noise2sr,BM3D + Noise2SR,True,8,0.2727272727272727,0.75,0.3999999999999999,3,8,1
25af264996,3_bm3d_noise2sr_clahe,BM3D + Noise2SR + CLAHE,True,3,0.4,0.5,0.4444444444444445,2,3,2
25af264996,4_bm3d_clahe,BM3D + CLAHE,True,4,0.3333333333333333,0.5,0.4,2,4,2
26e5f24689,1_bm3d,BM3D only,True,3,0.0,0.0,0.0,0,3,1
26e5f24689,2_bm3d_noise2sr,BM3D + Noise2SR,True,2,0.3333333333333333,1.0,0.5,1,2,0
26e5f24689,3_bm3d_noise2sr_clahe,BM3D + Noise2SR + CLAHE,True,2,0.3333333333333333,1.0,0.5,1,2,0
26e5f24689,4_bm3d_clahe,BM3D + CLAHE,True,3,0.25,1.0,0.4,1,3,0
2807b90ea9,1_bm3d,BM3D only,True,0,1.0,0.8852459016393442,0.9391304347826086,54,0,7
2807b90ea9,2_bm3d_noise2sr,BM3D + Noise2SR,True,0,1.0,0.8688524590163934,0.9298245614035088,53,0,8
2807b90ea9,3_bm3d_noise2sr_clahe,BM3D + Noise2SR + CLAHE,True,0,1.0,0.4426229508196721,0.6136363636363636,27,0,34
2807b90ea9,4_bm3d_clahe,BM3D + CLAHE,True,0,1.0,0.5573770491803278,0.7157894736842105,34,0,27
2897b777fe,1_bm3d,BM3D only,True,0,1.0,1.0,1.0,5,0,0
2897b777fe,2_bm3d_noise2sr,BM3D + Noise2SR,True,0,1.0,1.0,1.0,5,0,0
2897b777fe,3_bm3d_noise2sr_clahe,BM3D + Noise2SR + CLAHE,True,0,1.0,1.0,1.0,5,0,0
2897b777fe,4_bm3d_clahe,BM3D + CLAHE,True,0,1.0,1.0,1.0,5,0,0
291898b7c6,1_bm3d,BM3D only,True,0,1.0,1.0,1.0,1,0,0
291898b7c6,2_bm3d_noise2sr,BM3D + Noise2SR,True,0,1.0,1.0,1.0,1,0,0
291898b7c6,3_bm3d_noise2sr_clahe,BM3D + Noise2SR + CLAHE,True,1,0.0,0.0,0.0,0,1,1
291898b7c6,4_bm3d_clahe,BM3D + CLAHE,True,1,0.0,0.0,0.0,0,1,1
294049f7a8,1_bm3d,BM3D only,True,1,0.9827586206896552,0.9047619047619048,0.9421487603305784,57,1,6
294049f7a8,2_bm3d_noise2sr,BM3D + Noise2SR,True,1,0.9830508474576272,0.9206349206349206,0.9508196721311476,58,1,5
294049f7a8,3_bm3d_noise2sr_clahe,BM3D + Noise2SR + CLAHE,True,0,1.0,0.3174603174603174,0.4819277108433735,20,0,43
294049f7a8,4_bm3d_clahe,BM3D + CLAHE,True,0,1.0,0.3968253968253968,0.5681818181818182,25,0,38
2b9ccd5679,1_bm3d,BM3D only,True,2,0.6666666666666666,0.6666666666666666,0.6666666666666666,4,2,2
2b9ccd5679,2_bm3d_noise2sr,BM3D + Noise2SR,True,1,0.8333333333333334,0.8333333333333334,0.8333333333333334,5,1,1
2b9ccd5679,3_bm3d_noise2sr_clahe,BM3D + Noise2SR + CLAHE,True,1,0.8,0.6666666666666666,0.7272727272727272,4,1,2
2b9ccd5679,4_bm3d_clahe,BM3D + CLAHE,True,1,0.8,0.6666666666666666,0.7272727272727272,4,1,2
2bc87a8698,1_bm3d,BM3D only,True,3,0.625,1.0,0.7692307692307693,5,3,0
2bc87a8698,2_bm3d_noise2sr,BM3D + Noise2SR,True,3,0.625,1.0,0.7692307692307693,5,3,0
2bc87a8698,3_bm3d_noise2sr_clahe,BM3D + Noise2SR + CLAHE,True,3,0.4,0.4,0.4000000000000001,2,3,3
2bc87a8698,4_bm3d_clahe,BM3D + CLAHE,True,4,0.5,0.8,0.6153846153846154,4,4,1
2c6c108b4d,1_bm3d,BM3D only,True,0,1.0,0.3611111111111111,0.5306122448979591,13,0,23
2c6c108b4d,2_bm3d_noise2sr,BM3D + Noise2SR,True,0,1.0,0.3888888888888889,0.56,14,0,22
2c6c108b4d,3_bm3d_noise2sr_clahe,BM3D + Noise2SR + CLAHE,True,0,0.0,0.0,0.0,0,0,36
2c6c108b4d,4_bm3d_clahe,BM3D + CLAHE,True,0,0.0,0.0,0.0,0,0,36
2cd773d930,1_bm3d,BM3D only,True,4,0.3333333333333333,0.0240963855421686,0.0449438202247191,2,4,81
2cd773d930,2_bm3d_noise2sr,BM3D + Noise2SR,True,3,0.4,0.0240963855421686,0.0454545454545454,2,3,81
2cd773d930,3_bm3d_noise2sr_clahe,BM3D + Noise2SR + CLAHE,True,2,0.0,0.0,0.0,0,2,83
2cd773d930,4_bm3d_clahe,BM3D + CLAHE,True,4,0.0,0.0,0.0,0,4,83
2d1a6c5ce4,1_bm3d,BM3D only,True,3,0.7692307692307693,0.9090909090909092,0.8333333333333333,10,3,1
2d1a6c5ce4,2_bm3d_noise2sr,BM3D + Noise2SR,True,3,0.7692307692307693,0.9090909090909092,0.8333333333333333,10,3,1
2d1a6c5ce4,3_bm3d_noise2sr_clahe,BM3D + Noise2SR + CLAHE,True,1,0.0,0.0,0.0,0,1,11
2d1a6c5ce4,4_bm3d_clahe,BM3D + CLAHE,True,2,0.6,0.2727272727272727,0.3749999999999999,3,2,8
2dadb1ced1,1_bm3d,BM3D only,True,3,0.0,0.0,0.0,0,3,1
2dadb1ced1,2_bm3d_noise2sr,BM3D + Noise2SR,True,2,0.0,0.0,0.0,0,2,1
2dadb1ced1,3_bm3d_noise2sr_clahe,BM3D + Noise2SR + CLAHE,True,0,1.0,1.0,1.0,1,0,0
2dadb1ced1,4_bm3d_clahe,BM3D + CLAHE,True,1,0.0,0.0,0.0,0,1,1
2e4a3ab627,1_bm3d,BM3D only,True,4,0.8787878787878788,0.9666666666666668,0.9206349206349208,29,4,1
2e4a3ab627,2_bm3d_noise2sr,BM3D + Noise2SR,True,4,0.8787878787878788,0.9666666666666668,0.9206349206349208,29,4,1
2e4a3ab627,3_bm3d_noise2sr_clahe,BM3D + Noise2SR + CLAHE,True,2,0.9310344827586208,0.9,0.9152542372881356,27,2,3
2e4a3ab627,4_bm3d_clahe,BM3D + CLAHE,True,4,0.8709677419354839,0.9,0.8852459016393444,27,4,3
2e5dab1969,1_bm3d,BM3D only,True,6,0.3333333333333333,1.0,0.5,3,6,0
2e5dab1969,2_bm3d_noise2sr,BM3D + Noise2SR,True,3,0.5,1.0,0.6666666666666666,3,3,0
2e5dab1969,3_bm3d_noise2sr_clahe,BM3D + Noise2SR + CLAHE,True,1,0.5,0.3333333333333333,0.4,1,1,2
2e5dab1969,4_bm3d_clahe,BM3D + CLAHE,True,1,0.5,0.3333333333333333,0.4,1,1,2
2fb8fe344c,1_bm3d,BM3D only,True,1,0.5,1.0,0.6666666666666666,1,1,0
2fb8fe344c,2_bm3d_noise2sr,BM3D + Noise2SR,True,0,1.0,1.0,1.0,1,0,0
2fb8fe344c,3_bm3d_noise2sr_clahe,BM3D + Noise2SR + CLAHE,True,0,1.0,1.0,1.0,1,0,0
2fb8fe344c,4_bm3d_clahe,BM3D + CLAHE,True,0,1.0,1.0,1.0,1,0,0
3027f9ffe7,1_bm3d,BM3D only,True,0,1.0,0.8157894736842105,0.898550724637681,31,0,7
3027f9ffe7,2_bm3d_noise2sr,BM3D + Noise2SR,True,0,1.0,0.631578947368421,0.7741935483870968,24,0,14
3027f9ffe7,3_bm3d_noise2sr_clahe,BM3D + Noise2SR + CLAHE,True,0,1.0,0.0526315789473684,0.1,2,0,36
3027f9ffe7,4_bm3d_clahe,BM3D + CLAHE,True,0,1.0,0.3157894736842105,0.4799999999999999,12,0,26
30da4fa249,1_bm3d,BM3D only,True,0,1.0,1.0,1.0,7,0,0
30da4fa249,2_bm3d_noise2sr,BM3D + Noise2SR,True,0,1.0,1.0,1.0,7,0,0
30da4fa249,3_bm3d_noise2sr_clahe,BM3D + Noise2SR + CLAHE,True,0,1.0,1.0,1.0,7,0,0
30da4fa249,4_bm3d_clahe,BM3D + CLAHE,True,0,1.0,1.0,1.0,7,0,0
31121ca5cf,1_bm3d,BM3D only,True,0,1.0,0.9491525423728814,0.9739130434782608,56,0,3
31121ca5cf,2_bm3d_noise2sr,BM3D + Noise2SR,True,0,1.0,0.9491525423728814,0.9739130434782608,56,0,3
31121ca5cf,3_bm3d_noise2sr_clahe,BM3D + Noise2SR + CLAHE,True,1,0.9285714285714286,0.2203389830508474,0.3561643835616438,13,1,46
31121ca5cf,4_bm3d_clahe,BM3D + CLAHE,True,0,1.0,0.3728813559322034,0.54320987654321,22,0,37
31f17306c8,1_bm3d,BM3D only,True,7,0.940677966101695,0.9487179487179488,0.9446808510638298,111,7,6
31f17306c8,2_bm3d_noise2sr,BM3D + Noise2SR,True,6,0.9487179487179488,0.9487179487179488,0.9487179487179488,111,6,6
31f17306c8,3_bm3d_noise2sr_clahe,BM3D + Noise2SR + CLAHE,True,0,1.0,0.9316239316239316,0.9646017699115044,109,0,8
31f17306c8,4_bm3d_clahe,BM3D + CLAHE,True,1,0.9910714285714286,0.9487179487179488,0.9694323144104804,111,1,6
33f8a59619,1_bm3d,BM3D only,True,0,1.0,1.0,1.0,8,0,0
33f8a59619,2_bm3d_noise2sr,BM3D + Noise2SR,True,0,1.0,1.0,1.0,8,0,0
33f8a59619,3_bm3d_noise2sr_clahe,BM3D + Noise2SR + CLAHE,True,0,0.0,0.0,0.0,0,0,8
33f8a59619,4_bm3d_clahe,BM3D + CLAHE,True,0,1.0,0.125,0.2222222222222222,1,0,7
3430b20071,1_bm3d,BM3D only,True,0,1.0,1.0,1.0,5,0,0
3430b20071,2_bm3d_noise2sr,BM3D + Noise2SR,True,0,1.0,1.0,1.0,5,0,0
3430b20071,3_bm3d_noise2sr_clahe,BM3D + Noise2SR + CLAHE,True,0,1.0,0.6,0.7499999999999999,3,0,2
3430b20071,4_bm3d_clahe,BM3D + CLAHE,True,0,1.0,0.4,0.5714285714285715,2,0,3
345fb7ab68,1_bm3d,BM3D only,True,0,1.0,1.0,1.0,5,0,0
345fb7ab68,2_bm3d_noise2sr,BM3D + Noise2SR,True,0,1.0,1.0,1.0,5,0,0
345fb7ab68,3_bm3d_noise2sr_clahe,BM3D + Noise2SR + CLAHE,True,0,1.0,1.0,1.0,5,0,0
345fb7ab68,4_bm3d_clahe,BM3D + CLAHE,True,0,1.0,1.0,1.0,5,0,0
34864e691e,1_bm3d,BM3D only,True,1,0.9411764705882352,0.7619047619047619,0.8421052631578947,16,1,5
34864e691e,2_bm3d_noise2sr,BM3D + Noise2SR,True,3,0.8333333333333334,0.7142857142857143,0.7692307692307692,15,3,6
34864e691e,3_bm3d_noise2sr_clahe,BM3D + Noise2SR + CLAHE,True,2,0.8,0.3809523809523809,0.5161290322580645,8,2,13
34864e691e,4_bm3d_clahe,BM3D + CLAHE,True,2,0.8333333333333334,0.4761904761904761,0.6060606060606061,10,2,11
34f4fb273d,1_bm3d,BM3D only,True,1,0.6666666666666666,0.2857142857142857,0.4,2,1,5
34f4fb273d,2_bm3d_noise2sr,BM3D + Noise2SR,True,1,0.75,0.4285714285714285,0.5454545454545454,3,1,4
34f4fb273d,3_bm3d_noise2sr_clahe,BM3D + Noise2SR + CLAHE,True,1,0.5,0.1428571428571428,0.2222222222222222,1,1,6
34f4fb273d,4_bm3d_clahe,BM3D + CLAHE,True,1,0.5,0.1428571428571428,0.2222222222222222,1,1,6
3537f150cd,1_bm3d,BM3D only,True,1,0.5,0.25,0.3333333333333333,1,1,3
3537f150cd,2_bm3d_noise2sr,BM3D + Noise2SR,True,1,0.5,0.25,0.3333333333333333,1,1,3
3537f150cd,3_bm3d_noise2sr_clahe,BM3D + Noise2SR + CLAHE,True,0,0.0,0.0,0.0,0,0,4
3537f150cd,4_bm3d_clahe,BM3D + CLAHE,True,0,0.0,0.0,0.0,0,0,4
3692286ecf,1_bm3d,BM3D only,True,0,1.0,1.0,1.0,5,0,0
3692286ecf,2_bm3d_noise2sr,BM3D + Noise2SR,True,0,1.0,1.0,1.0,5,0,0
3692286ecf,3_bm3d_noise2sr_clahe,BM3D + Noise2SR + CLAHE,True,0,1.0,0.4,0.5714285714285715,2,0,3
3692286ecf,4_bm3d_clahe,BM3D + CLAHE,True,0,1.0,0.6,0.7499999999999999,3,0,2
36de69b2c0,1_bm3d,BM3D only,True,7,0.7941176470588235,0.8709677419354839,0.8307692307692308,27,7,4
36de69b2c0,2_bm3d_noise2sr,BM3D + Noise2SR,True,7,0.8,0.9032258064516128,0.8484848484848486,28,7,3
36de69b2c0,3_bm3d_noise2sr_clahe,BM3D + Noise2SR + CLAHE,True,0,1.0,0.6774193548387096,0.8076923076923077,21,0,10
36de69b2c0,4_bm3d_clahe,BM3D + CLAHE,True,0,1.0,0.8387096774193549,0.912280701754386,26,0,5
37ce835fb2,1_bm3d,BM3D only,True,0,1.0,0.8064516129032258,0.8928571428571428,50,0,12
37ce835fb2,2_bm3d_noise2sr,BM3D + Noise2SR,True,0,1.0,0.8225806451612904,0.9026548672566372,51,0,11
37ce835fb2,3_bm3d_noise2sr_clahe,BM3D + Noise2SR + CLAHE,True,0,1.0,0.5,0.6666666666666666,31,0,31
37ce835fb2,4_bm3d_clahe,BM3D + CLAHE,True,0,1.0,0.4838709677419355,0.6521739130434783,30,0,32
391ef00939,1_bm3d,BM3D only,True,0,1.0,0.813953488372093,0.8974358974358974,35,0,8
391ef00939,2_bm3d_noise2sr,BM3D + Noise2SR,True,0,1.0,0.7441860465116279,0.8533333333333333,32,0,11
391ef00939,3_bm3d_noise2sr_clahe,BM3D + Noise2SR + CLAHE,True,0,1.0,0.3953488372093023,0.5666666666666667,17,0,26
391ef00939,4_bm3d_clahe,BM3D + CLAHE,True,0,1.0,0.5348837209302325,0.6969696969696969,23,0,20
398ae34c19,1_bm3d,BM3D only,True,0,1.0,1.0,1.0,23,0,0
398ae34c19,2_bm3d_noise2sr,BM3D + Noise2SR,True,0,1.0,1.0,1.0,23,0,0
398ae34c19,3_bm3d_noise2sr_clahe,BM3D + Noise2SR + CLAHE,True,0,1.0,1.0,1.0,23,0,0
398ae34c19,4_bm3d_clahe,BM3D + CLAHE,True,0,1.0,0.9565217391304348,0.9777777777777776,22,0,1
39b0dc1f52,1_bm3d,BM3D only,True,2,0.9565217391304348,0.88,0.9166666666666666,44,2,6
39b0dc1f52,2_bm3d_noise2sr,BM3D + Noise2SR,True,2,0.9565217391304348,0.88,0.9166666666666666,44,2,6
39b0dc1f52,3_bm3d_noise2sr_clahe,BM3D + Noise2SR + CLAHE,True,0,1.0,0.82,0.9010989010989012,41,0,9
39b0dc1f52,4_bm3d_clahe,BM3D + CLAHE,True,0,1.0,0.92,0.9583333333333334,46,0,4
39b3a6db5e,1_bm3d,BM3D only,True,0,1.0,1.0,1.0,1,0,0
39b3a6db5e,2_bm3d_noise2sr,BM3D + Noise2SR,True,0,1.0,1.0,1.0,1,0,0
39b3a6db5e,3_bm3d_noise2sr_clahe,BM3D + Noise2SR + CLAHE,True,0,1.0,1.0,1.0,1,0,0
39b3a6db5e,4_bm3d_clahe,BM3D + CLAHE,True,2,0.0,0.0,0.0,0,2,1
39dda96b25,1_bm3d,BM3D only,True,0,1.0,1.0,1.0,6,0,0
39dda96b25,2_bm3d_noise2sr,BM3D + Noise2SR,True,0,1.0,1.0,1.0,6,0,0
39dda96b25,3_bm3d_noise2sr_clahe,BM3D + Noise2SR + CLAHE,True,0,1.0,1.0,1.0,6,0,0
39dda96b25,4_bm3d_clahe,BM3D + CLAHE,True,0,1.0,1.0,1.0,6,0,0
39e18a8f4c,1_bm3d,BM3D only,True,3,0.0,0.0,0.0,0,3,3
39e18a8f4c,2_bm3d_noise2sr,BM3D + Noise2SR,True,2,0.3333333333333333,0.3333333333333333,0.3333333333333333,1,2,2
39e18a8f4c,3_bm3d_noise2sr_clahe,BM3D + Noise2SR + CLAHE,True,2,0.3333333333333333,0.3333333333333333,0.3333333333333333,1,2,2
39e18a8f4c,4_bm3d_clahe,BM3D + CLAHE,True,3,0.25,0.3333333333333333,0.2857142857142857,1,3,2
3a8af6d3f4,1_bm3d,BM3D only,True,1,0.9166666666666666,0.9166666666666666,0.9166666666666666,11,1,1
3a8af6d3f4,2_bm3d_noise2sr,BM3D + Noise2SR,True,1,0.9166666666666666,0.9166666666666666,0.9166666666666666,11,1,1
3a8af6d3f4,3_bm3d_noise2sr_clahe,BM3D + Noise2SR + CLAHE,True,0,1.0,0.9166666666666666,0.9565217391304348,11,0,1
3a8af6d3f4,4_bm3d_clahe,BM3D + CLAHE,True,0,1.0,0.9166666666666666,0.9565217391304348,11,0,1
3bbd05202e,1_bm3d,BM3D only,True,2,0.8,0.8888888888888888,0.8421052631578948,8,2,1
3bbd05202e,2_bm3d_noise2sr,BM3D + Noise2SR,True,2,0.8,0.8888888888888888,0.8421052631578948,8,2,1
3bbd05202e,3_bm3d_noise2sr_clahe,BM3D + Noise2SR + CLAHE,True,1,0.9,1.0,0.9473684210526316,9,1,0
3bbd05202e,4_bm3d_clahe,BM3D + CLAHE,True,0,1.0,1.0,1.0,9,0,0
3d103080e6,1_bm3d,BM3D only,True,0,1.0,0.875,0.9333333333333332,7,0,1
3d103080e6,2_bm3d_noise2sr,BM3D + Noise2SR,True,0,1.0,0.875,0.9333333333333332,7,0,1
3d103080e6,3_bm3d_noise2sr_clahe,BM3D + Noise2SR + CLAHE,True,0,1.0,0.875,0.9333333333333332,7,0,1
3d103080e6,4_bm3d_clahe,BM3D + CLAHE,True,0,1.0,0.875,0.9333333333333332,7,0,1
3d1937b05c,1_bm3d,BM3D only,True,0,1.0,0.5,0.6666666666666666,17,0,17
3d1937b05c,2_bm3d_noise2sr,BM3D + Noise2SR,True,0,1.0,0.3529411764705882,0.5217391304347826,12,0,22
3d1937b05c,3_bm3d_noise2sr_clahe,BM3D + Noise2SR + CLAHE,True,0,0.0,0.0,0.0,0,0,34
3d1937b05c,4_bm3d_clahe,BM3D + CLAHE,True,0,0.0,0.0,0.0,0,0,34
3f97a9e821,1_bm3d,BM3D only,True,5,0.9253731343283582,0.984126984126984,0.9538461538461538,62,5,1
3f97a9e821,2_bm3d_noise2sr,BM3D + Noise2SR,True,4,0.9375,0.9523809523809524,0.9448818897637796,60,4,3
3f97a9e821,3_bm3d_noise2sr_clahe,BM3D + Noise2SR + CLAHE,True,3,0.9508196721311476,0.9206349206349206,0.9354838709677418,58,3,5
3f97a9e821,4_bm3d_clahe,BM3D + CLAHE,True,2,0.9661016949152542,0.9047619047619048,0.9344262295081968,57,2,6
404b0836f1,1_bm3d,BM3D only,True,3,0.8333333333333334,0.8823529411764706,0.8571428571428571,15,3,2
404b0836f1,2_bm3d_noise2sr,BM3D + Noise2SR,True,3,0.8333333333333334,0.8823529411764706,0.8571428571428571,15,3,2
404b0836f1,3_bm3d_noise2sr_clahe,BM3D + Noise2SR + CLAHE,True,2,0.875,0.8235294117647058,0.8484848484848485,14,2,3
404b0836f1,4_bm3d_clahe,BM3D + CLAHE,True,3,0.8235294117647058,0.8235294117647058,0.8235294117647058,14,3,3
406975041a,1_bm3d,BM3D only,True,2,0.9545454545454546,0.8936170212765957,0.9230769230769232,42,2,5
406975041a,2_bm3d_noise2sr,BM3D + Noise2SR,True,1,0.9777777777777776,0.9361702127659576,0.9565217391304348,44,1,3
406975041a,3_bm3d_noise2sr_clahe,BM3D + Noise2SR + CLAHE,True,0,1.0,0.5531914893617021,0.7123287671232876,26,0,21
406975041a,4_bm3d_clahe,BM3D + CLAHE,True,0,1.0,0.7446808510638298,0.8536585365853657,35,0,12
406d70e411,1_bm3d,BM3D only,True,0,1.0,1.0,1.0,1,0,0
406d70e411,2_bm3d_noise2sr,BM3D + Noise2SR,True,0,1.0,1.0,1.0,1,0,0
406d70e411,3_bm3d_noise2sr_clahe,BM3D + Noise2SR + CLAHE,True,2,0.3333333333333333,1.0,0.5,1,2,0
406d70e411,4_bm3d_clahe,BM3D + CLAHE,True,2,0.3333333333333333,1.0,0.5,1,2,0
40afb05b44,1_bm3d,BM3D only,True,2,0.9649122807017544,0.8461538461538461,0.9016393442622952,55,2,10
40afb05b44,2_bm3d_noise2sr,BM3D + Noise2SR,True,1,0.9818181818181818,0.8307692307692308,0.9,54,1,11
40afb05b44,3_bm3d_noise2sr_clahe,BM3D + Noise2SR + CLAHE,True,0,1.0,0.6307692307692307,0.7735849056603773,41,0,24
40afb05b44,4_bm3d_clahe,BM3D + CLAHE,True,1,0.9787234042553192,0.7076923076923077,0.8214285714285715,46,1,19
410284d28b,1_bm3d,BM3D only,True,2,0.3333333333333333,1.0,0.5,1,2,0
410284d28b,2_bm3d_noise2sr,BM3D + Noise2SR,True,2,0.3333333333333333,1.0,0.5,1,2,0
410284d28b,3_bm3d_noise2sr_clahe,BM3D + Noise2SR + CLAHE,True,0,1.0,1.0,1.0,1,0,0
410284d28b,4_bm3d_clahe,BM3D + CLAHE,True,0,1.0,1.0,1.0,1,0,0
41ac55ed12,1_bm3d,BM3D only,True,1,0.6666666666666666,0.6666666666666666,0.6666666666666666,2,1,1
41ac55ed12,2_bm3d_noise2sr,BM3D + Noise2SR,True,2,0.3333333333333333,0.3333333333333333,0.3333333333333333,1,2,2
41ac55ed12,3_bm3d_noise2sr_clahe,BM3D + Noise2SR + CLAHE,True,0,1.0,1.0,1.0,3,0,0
41ac55ed12,4_bm3d_clahe,BM3D + CLAHE,True,0,1.0,1.0,1.0,3,0,0
41bb4d19a4,1_bm3d,BM3D only,True,3,0.4,0.5,0.4444444444444445,2,3,2
41bb4d19a4,2_bm3d_noise2sr,BM3D + Noise2SR,True,3,0.25,0.25,0.25,1,3,3
41bb4d19a4,3_bm3d_noise2sr_clahe,BM3D + Noise2SR + CLAHE,True,0,1.0,1.0,1.0,4,0,0
41bb4d19a4,4_bm3d_clahe,BM3D + CLAHE,True,0,1.0,1.0,1.0,4,0,0
41c25dca24,1_bm3d,BM3D only,True,0,1.0,1.0,1.0,1,0,0
41c25dca24,2_bm3d_noise2sr,BM3D + Noise2SR,True,0,1.0,1.0,1.0,1,0,0
41c25dca24,3_bm3d_noise2sr_clahe,BM3D + Noise2SR + CLAHE,True,2,0.0,0.0,0.0,0,2,1
41c25dca24,4_bm3d_clahe,BM3D + CLAHE,True,4,0.2,1.0,0.3333333333333333,1,4,0
42750053e0,1_bm3d,BM3D only,True,0,1.0,1.0,1.0,5,0,0
42750053e0,2_bm3d_noise2sr,BM3D + Noise2SR,True,0,1.0,1.0,1.0,5,0,0
42750053e0,3_bm3d_noise2sr_clahe,BM3D + Noise2SR + CLAHE,True,2,0.6,0.6,0.6,3,2,2
42750053e0,4_bm3d_clahe,BM3D + CLAHE,True,3,0.5714285714285714,0.8,0.6666666666666666,4,3,1
427ebc9e15,1_bm3d,BM3D only,True,24,0.4146341463414634,0.9444444444444444,0.576271186440678,17,24,1
427ebc9e15,2_bm3d_noise2sr,BM3D + Noise2SR,True,23,0.425,0.9444444444444444,0.5862068965517241,17,23,1
427ebc9e15,3_bm3d_noise2sr_clahe,BM3D + Noise2SR + CLAHE,True,4,0.8,0.8888888888888888,0.8421052631578948,16,4,2
427ebc9e15,4_bm3d_clahe,BM3D + CLAHE,True,9,0.6538461538461539,0.9444444444444444,0.7727272727272727,17,9,1
434e287439,1_bm3d,BM3D only,True,20,0.2857142857142857,0.3809523809523809,0.3265306122448979,8,20,13
434e287439,2_bm3d_noise2sr,BM3D + Noise2SR,True,8,0.6666666666666666,0.7619047619047619,0.7111111111111111,16,8,5
434e287439,3_bm3d_noise2sr_clahe,BM3D + Noise2SR + CLAHE,True,0,1.0,1.0,1.0,21,0,0
434e287439,4_bm3d_clahe,BM3D + CLAHE,True,1,0.9545454545454546,1.0,0.9767441860465116,21,1,0
43875c5b20,1_bm3d,BM3D only,True,0,1.0,0.9583333333333334,0.9787234042553192,23,0,1
43875c5b20,2_bm3d_noise2sr,BM3D + Noise2SR,True,0,1.0,0.9583333333333334,0.9787234042553192,23,0,1
43875c5b20,3_bm3d_noise2sr_clahe,BM3D + Noise2SR + CLAHE,True,2,0.8181818181818182,0.375,0.5142857142857142,9,2,15
43875c5b20,4_bm3d_clahe,BM3D + CLAHE,True,1,0.9333333333333332,0.5833333333333334,0.7179487179487181,14,1,10
43be4d0a2c,1_bm3d,BM3D only,True,3,0.8571428571428571,0.8181818181818182,0.8372093023255814,18,3,4
43be4d0a2c,2_bm3d_noise2sr,BM3D + Noise2SR,True,2,0.9,0.8181818181818182,0.8571428571428572,18,2,4
43be4d0a2c,3_bm3d_noise2sr_clahe,BM3D + Noise2SR + CLAHE,True,0,1.0,0.5909090909090909,0.7428571428571429,13,0,9
43be4d0a2c,4_bm3d_clahe,BM3D + CLAHE,True,1,0.9411764705882352,0.7272727272727273,0.8205128205128205,16,1,6
441414704c,1_bm3d,BM3D only,True,0,1.0,1.0,1.0,1,0,0
441414704c,2_bm3d_noise2sr,BM3D + Noise2SR,True,0,1.0,1.0,1.0,1,0,0
441414704c,3_bm3d_noise2sr_clahe,BM3D + Noise2SR + CLAHE,True,0,1.0,1.0,1.0,1,0,0
441414704c,4_bm3d_clahe,BM3D + CLAHE,True,0,1.0,1.0,1.0,1,0,0
453123a947,1_bm3d,BM3D only,True,0,1.0,1.0,1.0,3,0,0
453123a947,2_bm3d_noise2sr,BM3D + Noise2SR,True,0,1.0,1.0,1.0,3,0,0
453123a947,3_bm3d_noise2sr_clahe,BM3D + Noise2SR + CLAHE,True,0,1.0,0.6666666666666666,0.8,2,0,1
453123a947,4_bm3d_clahe,BM3D + CLAHE,True,0,1.0,0.6666666666666666,0.8,2,0,1
4545280c2b,1_bm3d,BM3D only,True,2,0.9047619047619048,1.0,0.95,19,2,0
4545280c2b,2_bm3d_noise2sr,BM3D + Noise2SR,True,2,0.9047619047619048,1.0,0.95,19,2,0
4545280c2b,3_bm3d_noise2sr_clahe,BM3D + Noise2SR + CLAHE,True,0,1.0,0.8947368421052632,0.9444444444444444,17,0,2
4545280c2b,4_bm3d_clahe,BM3D + CLAHE,True,0,1.0,0.9473684210526316,0.972972972972973,18,0,1
4628753cd8,1_bm3d,BM3D only,True,0,1.0,1.0,1.0,2,0,0
4628753cd8,2_bm3d_noise2sr,BM3D + Noise2SR,True,0,1.0,1.0,1.0,2,0,0
4628753cd8,3_bm3d_noise2sr_clahe,BM3D + Noise2SR + CLAHE,True,0,1.0,0.5,0.6666666666666666,1,0,1
4628753cd8,4_bm3d_clahe,BM3D + CLAHE,True,0,1.0,0.5,0.6666666666666666,1,0,1
47286679c2,1_bm3d,BM3D only,True,9,0.6666666666666666,1.0,0.8,18,9,0
47286679c2,2_bm3d_noise2sr,BM3D + Noise2SR,True,9,0.6666666666666666,1.0,0.8,18,9,0
47286679c2,3_bm3d_noise2sr_clahe,BM3D + Noise2SR + CLAHE,True,4,0.8181818181818182,1.0,0.9,18,4,0
47286679c2,4_bm3d_clahe,BM3D + CLAHE,True,4,0.8181818181818182,1.0,0.9,18,4,0
478a6c42ec,1_bm3d,BM3D only,True,1,0.9090909090909092,0.9090909090909092,0.9090909090909092,10,1,1
478a6c42ec,2_bm3d_noise2sr,BM3D + Noise2SR,True,1,0.9090909090909092,0.9090909090909092,0.9090909090909092,10,1,1
478a6c42ec,3_bm3d_noise2sr_clahe,BM3D + Noise2SR + CLAHE,True,0,1.0,0.9090909090909092,0.9523809523809524,10,0,1
478a6c42ec,4_bm3d_clahe,BM3D + CLAHE,True,1,0.9090909090909092,0.9090909090909092,0.9090909090909092,10,1,1
482193653a,1_bm3d,BM3D only,True,0,0.0,0.0,0.0,0,0,426
482193653a,2_bm3d_noise2sr,BM3D + Noise2SR,True,0,1.0,0.1502347417840375,0.2612244897959184,64,0,362
482193653a,3_bm3d_noise2sr_clahe,BM3D + Noise2SR + CLAHE,True,0,0.0,0.0,0.0,0,0,426
482193653a,4_bm3d_clahe,BM3D + CLAHE,True,0,0.0,0.0,0.0,0,0,426
4b07dbd803,1_bm3d,BM3D only,True,2,0.8461538461538461,0.9166666666666666,0.8799999999999999,11,2,1
4b07dbd803,2_bm3d_noise2sr,BM3D + Noise2SR,True,1,0.9230769230769232,1.0,0.96,12,1,0
4b07dbd803,3_bm3d_noise2sr_clahe,BM3D + Noise2SR + CLAHE,True,0,1.0,0.3333333333333333,0.5,4,0,8
4b07dbd803,4_bm3d_clahe,BM3D + CLAHE,True,0,1.0,0.6666666666666666,0.8,8,0,4
4bafa92eec,1_bm3d,BM3D only,True,2,0.8461538461538461,0.9166666666666666,0.8799999999999999,11,2,1
4bafa92eec,2_bm3d_noise2sr,BM3D + Noise2SR,True,2,0.8181818181818182,0.75,0.7826086956521738,9,2,3
4bafa92eec,3_bm3d_noise2sr_clahe,BM3D + Noise2SR + CLAHE,True,1,0.8,0.3333333333333333,0.4705882352941176,4,1,8
4bafa92eec,4_bm3d_clahe,BM3D + CLAHE,True,2,0.7777777777777778,0.5833333333333334,0.6666666666666666,7,2,5
4cd9e65aae,1_bm3d,BM3D only,True,0,1.0,1.0,1.0,16,0,0
4cd9e65aae,2_bm3d_noise2sr,BM3D + Noise2SR,True,0,1.0,1.0,1.0,16,0,0
4cd9e65aae,3_bm3d_noise2sr_clahe,BM3D + Noise2SR + CLAHE,True,0,1.0,1.0,1.0,16,0,0
4cd9e65aae,4_bm3d_clahe,BM3D + CLAHE,True,1,0.9411764705882352,1.0,0.9696969696969696,16,1,0
4d951b622f,1_bm3d,BM3D only,True,0,1.0,1.0,1.0,5,0,0
4d951b622f,2_bm3d_noise2sr,BM3D + Noise2SR,True,0,1.0,1.0,1.0,5,0,0
4d951b622f,3_bm3d_noise2sr_clahe,BM3D + Noise2SR + CLAHE,True,1,0.8333333333333334,1.0,0.9090909090909092,5,1,0
4d951b622f,4_bm3d_clahe,BM3D + CLAHE,True,1,0.8333333333333334,1.0,0.9090909090909092,5,1,0
4ec7671d11,1_bm3d,BM3D only,True,3,0.25,0.5,0.3333333333333333,1,3,1
4ec7671d11,2_bm3d_noise2sr,BM3D + Noise2SR,True,3,0.25,0.5,0.3333333333333333,1,3,1
4ec7671d11,3_bm3d_noise2sr_clahe,BM3D + Noise2SR + CLAHE,True,1,0.5,0.5,0.5,1,1,1
4ec7671d11,4_bm3d_clahe,BM3D + CLAHE,True,3,0.25,0.5,0.3333333333333333,1,3,1
50a4901372,1_bm3d,BM3D only,True,0,0.0,0.0,0.0,0,0,10
50a4901372,2_bm3d_noise2sr,BM3D + Noise2SR,True,0,0.0,0.0,0.0,0,0,10
50a4901372,3_bm3d_noise2sr_clahe,BM3D + Noise2SR + CLAHE,True,0,0.0,0.0,0.0,0,0,10
50a4901372,4_bm3d_clahe,BM3D + CLAHE,True,0,0.0,0.0,0.0,0,0,10
513158cf83,1_bm3d,BM3D only,True,0,1.0,1.0,1.0,4,0,0
513158cf83,2_bm3d_noise2sr,BM3D + Noise2SR,True,0,1.0,1.0,1.0,4,0,0
513158cf83,3_bm3d_noise2sr_clahe,BM3D + Noise2SR + CLAHE,True,1,0.75,0.75,0.75,3,1,1
513158cf83,4_bm3d_clahe,BM3D + CLAHE,True,1,0.75,0.75,0.75,3,1,1
516b2f0aa8,1_bm3d,BM3D only,True,0,1.0,0.9411764705882352,0.9696969696969696,16,0,1
516b2f0aa8,2_bm3d_noise2sr,BM3D + Noise2SR,True,0,1.0,0.9411764705882352,0.9696969696969696,16,0,1
516b2f0aa8,3_bm3d_noise2sr_clahe,BM3D + Noise2SR + CLAHE,True,0,1.0,0.8235294117647058,0.9032258064516128,14,0,3
516b2f0aa8,4_bm3d_clahe,BM3D + CLAHE,True,4,0.7894736842105263,0.8823529411764706,0.8333333333333333,15,4,2
53025d5189,1_bm3d,BM3D only,True,0,1.0,0.9615384615384616,0.9803921568627452,25,0,1
53025d5189,2_bm3d_noise2sr,BM3D + Noise2SR,True,0,1.0,0.9615384615384616,0.9803921568627452,25,0,1
53025d5189,3_bm3d_noise2sr_clahe,BM3D + Noise2SR + CLAHE,True,0,1.0,0.9615384615384616,0.9803921568627452,25,0,1
53025d5189,4_bm3d_clahe,BM3D + CLAHE,True,0,1.0,0.9230769230769232,0.96,24,0,2
535134e785,1_bm3d,BM3D only,True,0,1.0,1.0,1.0,1,0,0
535134e785,2_bm3d_noise2sr,BM3D + Noise2SR,True,0,1.0,1.0,1.0,1,0,0
535134e785,3_bm3d_noise2sr_clahe,BM3D + Noise2SR + CLAHE,True,1,0.0,0.0,0.0,0,1,1
535134e785,4_bm3d_clahe,BM3D + CLAHE,True,1,0.0,0.0,0.0,0,1,1
555eb05b4c,1_bm3d,BM3D only,True,0,1.0,1.0,1.0,1,0,0
555eb05b4c,2_bm3d_noise2sr,BM3D + Noise2SR,True,0,1.0,1.0,1.0,1,0,0
555eb05b4c,3_bm3d_noise2sr_clahe,BM3D + Noise2SR + CLAHE,True,0,1.0,1.0,1.0,1,0,0
555eb05b4c,4_bm3d_clahe,BM3D + CLAHE,True,0,1.0,1.0,1.0,1,0,0
5568be0f4c,1_bm3d,BM3D only,True,1,0.5,0.5,0.5,1,1,1
5568be0f4c,2_bm3d_noise2sr,BM3D + Noise2SR,True,0,1.0,1.0,1.0,2,0,0
5568be0f4c,3_bm3d_noise2sr_clahe,BM3D + Noise2SR + CLAHE,True,1,0.6666666666666666,1.0,0.8,2,1,0
5568be0f4c,4_bm3d_clahe,BM3D + CLAHE,True,2,0.5,1.0,0.6666666666666666,2,2,0
5737e0c2c7,1_bm3d,BM3D only,True,0,1.0,1.0,1.0,8,0,0
5737e0c2c7,2_bm3d_noise2sr,BM3D + Noise2SR,True,0,1.0,1.0,1.0,8,0,0
5737e0c2c7,3_bm3d_noise2sr_clahe,BM3D + Noise2SR + CLAHE,True,0,1.0,1.0,1.0,8,0,0
5737e0c2c7,4_bm3d_clahe,BM3D + CLAHE,True,1,0.8888888888888888,1.0,0.9411764705882352,8,1,0
586dc6cc59,1_bm3d,BM3D only,True,1,0.9926470588235294,0.906040268456376,0.9473684210526316,135,1,14
586dc6cc59,2_bm3d_noise2sr,BM3D + Noise2SR,True,0,1.0,0.8993288590604027,0.9469964664310956,134,0,15
586dc6cc59,3_bm3d_noise2sr_clahe,BM3D + Noise2SR + CLAHE,True,0,1.0,0.0067114093959731,0.0133333333333333,1,0,148
586dc6cc59,4_bm3d_clahe,BM3D + CLAHE,True,1,0.9090909090909092,0.0671140939597315,0.125,10,1,139
5898a2ac02,1_bm3d,BM3D only,True,5,0.7368421052631579,0.8235294117647058,0.7777777777777778,14,5,3
5898a2ac02,2_bm3d_noise2sr,BM3D + Noise2SR,True,5,0.7368421052631579,0.8235294117647058,0.7777777777777778,14,5,3
5898a2ac02,3_bm3d_noise2sr_clahe,BM3D + Noise2SR + CLAHE,True,1,0.9411764705882352,0.9411764705882352,0.9411764705882352,16,1,1
5898a2ac02,4_bm3d_clahe,BM3D + CLAHE,True,3,0.8333333333333334,0.8823529411764706,0.8571428571428571,15,3,2
58e8237dab,1_bm3d,BM3D only,True,1,0.75,1.0,0.8571428571428571,3,1,0
58e8237dab,2_bm3d_noise2sr,BM3D + Noise2SR,True,1,0.75,1.0,0.8571428571428571,3,1,0
58e8237dab,3_bm3d_noise2sr_clahe,BM3D + Noise2SR + CLAHE,True,0,1.0,1.0,1.0,3,0,0
58e8237dab,4_bm3d_clahe,BM3D + CLAHE,True,1,0.75,1.0,0.8571428571428571,3,1,0
59424b060a,1_bm3d,BM3D only,True,1,0.9736842105263158,0.3775510204081632,0.5441176470588235,37,1,61
59424b060a,2_bm3d_noise2sr,BM3D + Noise2SR,True,6,0.8636363636363636,0.3877551020408163,0.5352112676056339,38,6,60
59424b060a,3_bm3d_noise2sr_clahe,BM3D + Noise2SR + CLAHE,True,0,1.0,0.0408163265306122,0.0784313725490195,4,0,94
59424b060a,4_bm3d_clahe,BM3D + CLAHE,True,1,0.9090909090909092,0.1020408163265306,0.18348623853211,10,1,88
5a65f9eba2,1_bm3d,BM3D only,True,1,0.5,1.0,0.6666666666666666,1,1,0
5a65f9eba2,2_bm3d_noise2sr,BM3D + Noise2SR,True,2,0.0,0.0,0.0,0,2,1
5a65f9eba2,3_bm3d_noise2sr_clahe,BM3D + Noise2SR + CLAHE,True,1,0.5,1.0,0.6666666666666666,1,1,0
5a65f9eba2,4_bm3d_clahe,BM3D + CLAHE,True,0,1.0,1.0,1.0,1,0,0
5a6c23682b,1_bm3d,BM3D only,True,0,1.0,1.0,1.0,7,0,0
5a6c23682b,2_bm3d_noise2sr,BM3D + Noise2SR,True,0,1.0,0.8571428571428571,0.923076923076923,6,0,1
5a6c23682b,3_bm3d_noise2sr_clahe,BM3D + Noise2SR + CLAHE,True,0,1.0,0.7142857142857143,0.8333333333333333,5,0,2
5a6c23682b,4_bm3d_clahe,BM3D + CLAHE,True,0,1.0,0.7142857142857143,0.8333333333333333,5,0,2
5addfe7111,1_bm3d,BM3D only,True,0,1.0,1.0,1.0,5,0,0
5addfe7111,2_bm3d_noise2sr,BM3D + Noise2SR,True,0,1.0,1.0,1.0,5,0,0
5addfe7111,3_bm3d_noise2sr_clahe,BM3D + Noise2SR + CLAHE,True,0,1.0,1.0,1.0,5,0,0
5addfe7111,4_bm3d_clahe,BM3D + CLAHE,True,0,1.0,1.0,1.0,5,0,0
5c418c2eb0,1_bm3d,BM3D only,True,2,0.6666666666666666,0.6666666666666666,0.6666666666666666,4,2,2
5c418c2eb0,2_bm3d_noise2sr,BM3D + Noise2SR,True,1,0.8,0.6666666666666666,0.7272727272727272,4,1,2
5c418c2eb0,3_bm3d_noise2sr_clahe,BM3D + Noise2SR + CLAHE,True,0,1.0,0.1666666666666666,0.2857142857142857,1,0,5
5c418c2eb0,4_bm3d_clahe,BM3D + CLAHE,True,3,0.25,0.1666666666666666,0.2,1,3,5
5eb66b74ea,1_bm3d,BM3D only,True,0,1.0,0.5714285714285714,0.7272727272727273,4,0,3
5eb66b74ea,2_bm3d_noise2sr,BM3D + Noise2SR,True,0,1.0,0.5714285714285714,0.7272727272727273,4,0,3
5eb66b74ea,3_bm3d_noise2sr_clahe,BM3D + Noise2SR + CLAHE,True,0,1.0,0.2857142857142857,0.4444444444444445,2,0,5
5eb66b74ea,4_bm3d_clahe,BM3D + CLAHE,True,0,1.0,0.2857142857142857,0.4444444444444445,2,0,5
5f42a8d4a9,1_bm3d,BM3D only,True,2,0.9672131147540984,0.8676470588235294,0.9147286821705426,59,2,9
5f42a8d4a9,2_bm3d_noise2sr,BM3D + Noise2SR,True,2,0.9672131147540984,0.8676470588235294,0.9147286821705426,59,2,9
5f42a8d4a9,3_bm3d_noise2sr_clahe,BM3D + Noise2SR + CLAHE,True,0,1.0,0.7941176470588235,0.8852459016393442,54,0,14
5f42a8d4a9,4_bm3d_clahe,BM3D + CLAHE,True,1,0.9821428571428572,0.8088235294117647,0.8870967741935484,55,1,13
60c63e2383,1_bm3d,BM3D only,True,0,1.0,0.9848484848484848,0.9923664122137404,130,0,2
60c63e2383,2_bm3d_noise2sr,BM3D + Noise2SR,True,0,1.0,0.9848484848484848,0.9923664122137404,130,0,2
60c63e2383,3_bm3d_noise2sr_clahe,BM3D + Noise2SR + CLAHE,True,0,1.0,0.9772727272727272,0.9885057471264368,129,0,3
60c63e2383,4_bm3d_clahe,BM3D + CLAHE,True,0,1.0,0.9848484848484848,0.9923664122137404,130,0,2
60feb7de8f,1_bm3d,BM3D only,True,3,0.9210526315789472,0.8536585365853658,0.8860759493670887,35,3,6
60feb7de8f,2_bm3d_noise2sr,BM3D + Noise2SR,True,2,0.9473684210526316,0.8780487804878049,0.9113924050632912,36,2,5
60feb7de8f,3_bm3d_noise2sr_clahe,BM3D + Noise2SR + CLAHE,True,0,1.0,0.8536585365853658,0.9210526315789476,35,0,6
60feb7de8f,4_bm3d_clahe,BM3D + CLAHE,True,0,1.0,0.8780487804878049,0.9350649350649352,36,0,5
611b9564a4,1_bm3d,BM3D only,True,1,0.9333333333333332,1.0,0.9655172413793104,14,1,0
611b9564a4,2_bm3d_noise2sr,BM3D + Noise2SR,True,1,0.9333333333333332,1.0,0.9655172413793104,14,1,0
611b9564a4,3_bm3d_noise2sr_clahe,BM3D + Noise2SR + CLAHE,True,1,0.9285714285714286,0.9285714285714286,0.9285714285714286,13,1,1
611b9564a4,4_bm3d_clahe,BM3D + CLAHE,True,1,0.9333333333333332,1.0,0.9655172413793104,14,1,0
62223ab32f,1_bm3d,BM3D only,True,2,0.7142857142857143,1.0,0.8333333333333333,5,2,0
62223ab32f,2_bm3d_noise2sr,BM3D + Noise2SR,True,3,0.625,1.0,0.7692307692307693,5,3,0
62223ab32f,3_bm3d_noise2sr_clahe,BM3D + Noise2SR + CLAHE,True,0,1.0,0.6,0.7499999999999999,3,0,2
62223ab32f,4_bm3d_clahe,BM3D + CLAHE,True,0,1.0,0.4,0.5714285714285715,2,0,3
62594342ac,1_bm3d,BM3D only,True,0,1.0,0.5833333333333334,0.7368421052631579,7,0,5
62594342ac,2_bm3d_noise2sr,BM3D + Noise2SR,True,0,1.0,0.6666666666666666,0.8,8,0,4
62594342ac,3_bm3d_noise2sr_clahe,BM3D + Noise2SR + CLAHE,True,0,0.0,0.0,0.0,0,0,12
62594342ac,4_bm3d_clahe,BM3D + CLAHE,True,0,0.0,0.0,0.0,0,0,12
627acee9c4,1_bm3d,BM3D only,True,0,1.0,0.7272727272727273,0.8421052631578948,32,0,12
627acee9c4,2_bm3d_noise2sr,BM3D + Noise2SR,True,0,1.0,0.5681818181818182,0.7246376811594203,25,0,19
627acee9c4,3_bm3d_noise2sr_clahe,BM3D + Noise2SR + CLAHE,True,0,0.0,0.0,0.0,0,0,44
627acee9c4,4_bm3d_clahe,BM3D + CLAHE,True,0,0.0,0.0,0.0,0,0,44
62a54f335d,1_bm3d,BM3D only,True,0,1.0,0.4259259259259259,0.5974025974025974,23,0,31
62a54f335d,2_bm3d_noise2sr,BM3D + Noise2SR,True,0,1.0,0.4074074074074074,0.5789473684210525,22,0,32
62a54f335d,3_bm3d_noise2sr_clahe,BM3D + Noise2SR + CLAHE,True,0,1.0,0.0185185185185185,0.0363636363636363,1,0,53
62a54f335d,4_bm3d_clahe,BM3D + CLAHE,True,2,0.6,0.0555555555555555,0.1016949152542372,3,2,51
62e729e838,1_bm3d,BM3D only,True,0,1.0,1.0,1.0,4,0,0
62e729e838,2_bm3d_noise2sr,BM3D + Noise2SR,True,0,1.0,1.0,1.0,4,0,0
62e729e838,3_bm3d_noise2sr_clahe,BM3D + Noise2SR + CLAHE,True,6,0.3333333333333333,0.75,0.4615384615384615,3,6,1
62e729e838,4_bm3d_clahe,BM3D + CLAHE,True,4,0.4285714285714285,0.75,0.5454545454545454,3,4,1
6360a823da,1_bm3d,BM3D only,True,1,0.8888888888888888,1.0,0.9411764705882352,8,1,0
6360a823da,2_bm3d_noise2sr,BM3D + Noise2SR,True,1,0.8888888888888888,1.0,0.9411764705882352,8,1,0
6360a823da,3_bm3d_noise2sr_clahe,BM3D + Noise2SR + CLAHE,True,0,1.0,1.0,1.0,8,0,0
6360a823da,4_bm3d_clahe,BM3D + CLAHE,True,0,1.0,1.0,1.0,8,0,0
6643f01cf4,1_bm3d,BM3D only,True,0,1.0,0.7391304347826086,0.85,17,0,6
6643f01cf4,2_bm3d_noise2sr,BM3D + Noise2SR,True,0,1.0,0.7391304347826086,0.85,17,0,6
6643f01cf4,3_bm3d_noise2sr_clahe,BM3D + Noise2SR + CLAHE,True,0,0.0,0.0,0.0,0,0,23
6643f01cf4,4_bm3d_clahe,BM3D + CLAHE,True,1,0.0,0.0,0.0,0,1,23
691f7638fd,1_bm3d,BM3D only,True,2,0.6666666666666666,0.6666666666666666,0.6666666666666666,4,2,2
691f7638fd,2_bm3d_noise2sr,BM3D + Noise2SR,True,2,0.6666666666666666,0.6666666666666666,0.6666666666666666,4,2,2
691f7638fd,3_bm3d_noise2sr_clahe,BM3D + Noise2SR + CLAHE,True,1,0.8,0.6666666666666666,0.7272727272727272,4,1,2
691f7638fd,4_bm3d_clahe,BM3D + CLAHE,True,1,0.8,0.6666666666666666,0.7272727272727272,4,1,2
6c52a10c75,1_bm3d,BM3D only,True,2,0.9770114942528736,0.9550561797752808,0.9659090909090908,85,2,4
6c52a10c75,2_bm3d_noise2sr,BM3D + Noise2SR,True,2,0.9770114942528736,0.9550561797752808,0.9659090909090908,85,2,4
6c52a10c75,3_bm3d_noise2sr_clahe,BM3D + Noise2SR + CLAHE,True,0,1.0,0.1123595505617977,0.202020202020202,10,0,79
6c52a10c75,4_bm3d_clahe,BM3D + CLAHE,True,1,0.9743589743589745,0.4269662921348314,0.59375,38,1,51
6d0f510327,1_bm3d,BM3D only,True,0,1.0,1.0,1.0,6,0,0
6d0f510327,2_bm3d_noise2sr,BM3D + Noise2SR,True,0,1.0,1.0,1.0,6,0,0
6d0f510327,3_bm3d_noise2sr_clahe,BM3D + Noise2SR + CLAHE,True,1,0.8333333333333334,0.8333333333333334,0.8333333333333334,5,1,1
6d0f510327,4_bm3d_clahe,BM3D + CLAHE,True,3,0.5,0.5,0.5,3,3,3
6d1574872b,1_bm3d,BM3D only,True,2,0.6666666666666666,0.8,0.7272727272727272,4,2,1
6d1574872b,2_bm3d_noise2sr,BM3D + Noise2SR,True,2,0.6666666666666666,0.8,0.7272727272727272,4,2,1
6d1574872b,3_bm3d_noise2sr_clahe,BM3D + Noise2SR + CLAHE,True,0,1.0,0.8,0.888888888888889,4,0,1
6d1574872b,4_bm3d_clahe,BM3D + CLAHE,True,0,1.0,0.8,0.888888888888889,4,0,1
6db657d4f7,1_bm3d,BM3D only,True,0,1.0,1.0,1.0,1,0,0
6db657d4f7,2_bm3d_noise2sr,BM3D + Noise2SR,True,0,1.0,1.0,1.0,1,0,0
6db657d4f7,3_bm3d_noise2sr_clahe,BM3D + Noise2SR + CLAHE,True,0,1.0,1.0,1.0,1,0,0
6db657d4f7,4_bm3d_clahe,BM3D + CLAHE,True,3,0.0,0.0,0.0,0,3,1
6de290c824,1_bm3d,BM3D only,True,0,1.0,1.0,1.0,4,0,0
6de290c824,2_bm3d_noise2sr,BM3D + Noise2SR,True,0,1.0,1.0,1.0,4,0,0
6de290c824,3_bm3d_noise2sr_clahe,BM3D + Noise2SR + CLAHE,True,0,1.0,0.5,0.6666666666666666,2,0,2
6de290c824,4_bm3d_clahe,BM3D + CLAHE,True,0,1.0,1.0,1.0,4,0,0
6e16b7dcb7,1_bm3d,BM3D only,True,2,0.8181818181818182,1.0,0.9,9,2,0
6e16b7dcb7,2_bm3d_noise2sr,BM3D + Noise2SR,True,0,1.0,1.0,1.0,9,0,0
6e16b7dcb7,3_bm3d_noise2sr_clahe,BM3D + Noise2SR + CLAHE,True,2,0.8,0.8888888888888888,0.8421052631578948,8,2,1
6e16b7dcb7,4_bm3d_clahe,BM3D + CLAHE,True,1,0.8888888888888888,0.8888888888888888,0.8888888888888888,8,1,1
707120d0f5,1_bm3d,BM3D only,True,0,1.0,1.0,1.0,3,0,0
707120d0f5,2_bm3d_noise2sr,BM3D + Noise2SR,True,0,1.0,1.0,1.0,3,0,0
707120d0f5,3_bm3d_noise2sr_clahe,BM3D + Noise2SR + CLAHE,True,0,1.0,1.0,1.0,3,0,0
707120d0f5,4_bm3d_clahe,BM3D + CLAHE,True,0,1.0,1.0,1.0,3,0,0
70f9f13af4,1_bm3d,BM3D only,True,2,0.9523809523809524,0.8,0.8695652173913043,40,2,10
70f9f13af4,2_bm3d_noise2sr,BM3D + Noise2SR,True,2,0.9523809523809524,0.8,0.8695652173913043,40,2,10
70f9f13af4,3_bm3d_noise2sr_clahe,BM3D + Noise2SR + CLAHE,True,1,0.9743589743589745,0.76,0.853932584269663,38,1,12
70f9f13af4,4_bm3d_clahe,BM3D + CLAHE,True,3,0.925,0.74,0.8222222222222222,37,3,13
724248a877,1_bm3d,BM3D only,True,1,0.8333333333333334,1.0,0.9090909090909092,5,1,0
724248a877,2_bm3d_noise2sr,BM3D + Noise2SR,True,1,0.8333333333333334,1.0,0.9090909090909092,5,1,0
724248a877,3_bm3d_noise2sr_clahe,BM3D + Noise2SR + CLAHE,True,0,1.0,0.8,0.888888888888889,4,0,1
724248a877,4_bm3d_clahe,BM3D + CLAHE,True,3,0.5714285714285714,0.8,0.6666666666666666,4,3,1
72507b07bc,1_bm3d,BM3D only,True,1,0.6666666666666666,1.0,0.8,2,1,0
72507b07bc,2_bm3d_noise2sr,BM3D + Noise2SR,True,1,0.6666666666666666,1.0,0.8,2,1,0
72507b07bc,3_bm3d_noise2sr_clahe,BM3D + Noise2SR + CLAHE,True,1,0.5,0.5,0.5,1,1,1
72507b07bc,4_bm3d_clahe,BM3D + CLAHE,True,0,1.0,1.0,1.0,2,0,0
728f55aed4,1_bm3d,BM3D only,True,0,1.0,1.0,1.0,1,0,0
728f55aed4,2_bm3d_noise2sr,BM3D + Noise2SR,True,0,1.0,1.0,1.0,1,0,0
728f55aed4,3_bm3d_noise2sr_clahe,BM3D + Noise2SR + CLAHE,True,0,1.0,1.0,1.0,1,0,0
728f55aed4,4_bm3d_clahe,BM3D + CLAHE,True,0,1.0,1.0,1.0,1,0,0
736f1a3eb2,1_bm3d,BM3D only,True,0,1.0,1.0,1.0,1,0,0
736f1a3eb2,2_bm3d_noise2sr,BM3D + Noise2SR,True,0,1.0,1.0,1.0,1,0,0
736f1a3eb2,3_bm3d_noise2sr_clahe,BM3D + Noise2SR + CLAHE,True,0,1.0,1.0,1.0,1,0,0
736f1a3eb2,4_bm3d_clahe,BM3D + CLAHE,True,0,1.0,1.0,1.0,1,0,0
738c326d73,1_bm3d,BM3D only,True,0,1.0,1.0,1.0,3,0,0
738c326d73,2_bm3d_noise2sr,BM3D + Noise2SR,True,0,1.0,1.0,1.0,3,0,0
738c326d73,3_bm3d_noise2sr_clahe,BM3D + Noise2SR + CLAHE,True,0,1.0,1.0,1.0,3,0,0
738c326d73,4_bm3d_clahe,BM3D + CLAHE,True,0,1.0,1.0,1.0,3,0,0
73e0a09cd2,1_bm3d,BM3D only,True,1,0.0,0.0,0.0,0,1,1
73e0a09cd2,2_bm3d_noise2sr,BM3D + Noise2SR,True,1,0.0,0.0,0.0,0,1,1
73e0a09cd2,3_bm3d_noise2sr_clahe,BM3D + Noise2SR + CLAHE,True,1,0.0,0.0,0.0,0,1,1
73e0a09cd2,4_bm3d_clahe,BM3D + CLAHE,True,1,0.0,0.0,0.0,0,1,1
74391d74bd,1_bm3d,BM3D only,True,0,1.0,1.0,1.0,1,0,0
74391d74bd,2_bm3d_noise2sr,BM3D + Noise2SR,True,0,1.0,1.0,1.0,1,0,0
74391d74bd,3_bm3d_noise2sr_clahe,BM3D + Noise2SR + CLAHE,True,0,1.0,1.0,1.0,1,0,0
74391d74bd,4_bm3d_clahe,BM3D + CLAHE,True,0,1.0,1.0,1.0,1,0,0
74ef917e76,1_bm3d,BM3D only,True,0,0.0,0.0,0.0,0,0,4
74ef917e76,2_bm3d_noise2sr,BM3D + Noise2SR,True,0,0.0,0.0,0.0,0,0,4
74ef917e76,3_bm3d_noise2sr_clahe,BM3D + Noise2SR + CLAHE,True,0,0.0,0.0,0.0,0,0,4
74ef917e76,4_bm3d_clahe,BM3D + CLAHE,True,0,0.0,0.0,0.0,0,0,4
75e968af41,1_bm3d,BM3D only,True,3,0.25,1.0,0.4,1,3,0
75e968af41,2_bm3d_noise2sr,BM3D + Noise2SR,True,2,0.3333333333333333,1.0,0.5,1,2,0
75e968af41,3_bm3d_noise2sr_clahe,BM3D + Noise2SR + CLAHE,True,2,0.0,0.0,0.0,0,2,1
75e968af41,4_bm3d_clahe,BM3D + CLAHE,True,2,0.0,0.0,0.0,0,2,1
763c317d5d,1_bm3d,BM3D only,True,1,0.5,1.0,0.6666666666666666,1,1,0
763c317d5d,2_bm3d_noise2sr,BM3D + Noise2SR,True,1,0.5,1.0,0.6666666666666666,1,1,0
763c317d5d,3_bm3d_noise2sr_clahe,BM3D + Noise2SR + CLAHE,True,1,0.0,0.0,0.0,0,1,1
763c317d5d,4_bm3d_clahe,BM3D + CLAHE,True,2,0.0,0.0,0.0,0,2,1
76dde347fc,1_bm3d,BM3D only,True,0,1.0,1.0,1.0,5,0,0
76dde347fc,2_bm3d_noise2sr,BM3D + Noise2SR,True,0,1.0,1.0,1.0,5,0,0
76dde347fc,3_bm3d_noise2sr_clahe,BM3D + Noise2SR + CLAHE,True,0,1.0,1.0,1.0,5,0,0
76dde347fc,4_bm3d_clahe,BM3D + CLAHE,True,0,1.0,1.0,1.0,5,0,0
7701ac03c1,1_bm3d,BM3D only,True,3,0.5714285714285714,0.6666666666666666,0.6153846153846153,4,3,2
7701ac03c1,2_bm3d_noise2sr,BM3D + Noise2SR,True,3,0.5714285714285714,0.6666666666666666,0.6153846153846153,4,3,2
7701ac03c1,3_bm3d_noise2sr_clahe,BM3D + Noise2SR + CLAHE,True,1,0.8,0.6666666666666666,0.7272727272727272,4,1,2
7701ac03c1,4_bm3d_clahe,BM3D + CLAHE,True,2,0.6666666666666666,0.6666666666666666,0.6666666666666666,4,2,2
782d7f752d,1_bm3d,BM3D only,True,0,1.0,1.0,1.0,1,0,0
782d7f752d,2_bm3d_noise2sr,BM3D + Noise2SR,True,0,1.0,1.0,1.0,1,0,0
782d7f752d,3_bm3d_noise2sr_clahe,BM3D + Noise2SR + CLAHE,True,0,1.0,1.0,1.0,1,0,0
782d7f752d,4_bm3d_clahe,BM3D + CLAHE,True,0,1.0,1.0,1.0,1,0,0
78847f96ee,1_bm3d,BM3D only,True,3,0.75,0.6428571428571429,0.6923076923076924,9,3,5
78847f96ee,2_bm3d_noise2sr,BM3D + Noise2SR,True,2,0.8571428571428571,0.8571428571428571,0.8571428571428571,12,2,2
78847f96ee,3_bm3d_noise2sr_clahe,BM3D + Noise2SR + CLAHE,True,0,1.0,0.5714285714285714,0.7272727272727273,8,0,6
78847f96ee,4_bm3d_clahe,BM3D + CLAHE,True,0,1.0,0.6428571428571429,0.782608695652174,9,0,5
78b42bc5e8,1_bm3d,BM3D only,True,2,0.984375,0.9402985074626866,0.9618320610687024,126,2,8
78b42bc5e8,2_bm3d_noise2sr,BM3D + Noise2SR,True,2,0.984251968503937,0.9328358208955224,0.9578544061302682,125,2,9
78b42bc5e8,3_bm3d_noise2sr_clahe,BM3D + Noise2SR + CLAHE,True,1,0.9913793103448276,0.8582089552238806,0.9200000000000002,115,1,19
78b42bc5e8,4_bm3d_clahe,BM3D + CLAHE,True,2,0.983739837398374,0.9029850746268656,0.9416342412451362,121,2,13
78bda6c73b,1_bm3d,BM3D only,True,9,0.0,0.0,0.0,0,9,1
78bda6c73b,2_bm3d_noise2sr,BM3D + Noise2SR,True,9,0.0,0.0,0.0,0,9,1
78bda6c73b,3_bm3d_noise2sr_clahe,BM3D + Noise2SR + CLAHE,True,0,1.0,1.0,1.0,1,0,0
78bda6c73b,4_bm3d_clahe,BM3D + CLAHE,True,0,1.0,1.0,1.0,1,0,0
78c63579ba,1_bm3d,BM3D only,True,4,0.2,0.5,0.2857142857142857,1,4,1
78c63579ba,2_bm3d_noise2sr,BM3D + Noise2SR,True,3,0.4,1.0,0.5714285714285715,2,3,0
78c63579ba,3_bm3d_noise2sr_clahe,BM3D + Noise2SR + CLAHE,True,1,0.5,0.5,0.5,1,1,1
78c63579ba,4_bm3d_clahe,BM3D + CLAHE,True,2,0.3333333333333333,0.5,0.4,1,2,1
7988097925,1_bm3d,BM3D only,True,2,0.9130434782608696,0.9130434782608696,0.9130434782608696,21,2,2
7988097925,2_bm3d_noise2sr,BM3D + Noise2SR,True,1,0.9545454545454546,0.9130434782608696,0.9333333333333332,21,1,2
7988097925,3_bm3d_noise2sr_clahe,BM3D + Noise2SR + CLAHE,True,0,1.0,0.9130434782608696,0.9545454545454544,21,0,2
7988097925,4_bm3d_clahe,BM3D + CLAHE,True,0,1.0,0.9130434782608696,0.9545454545454544,21,0,2
7a48f5b4d5,1_bm3d,BM3D only,True,3,0.0,0.0,0.0,0,3,1
7a48f5b4d5,2_bm3d_noise2sr,BM3D + Noise2SR,True,4,0.0,0.0,0.0,0,4,1
7a48f5b4d5,3_bm3d_noise2sr_clahe,BM3D + Noise2SR + CLAHE,True,3,0.0,0.0,0.0,0,3,1
7a48f5b4d5,4_bm3d_clahe,BM3D + CLAHE,True,3,0.0,0.0,0.0,0,3,1
7b76562318,1_bm3d,BM3D only,True,0,0.0,0.0,0.0,0,0,12
7b76562318,2_bm3d_noise2sr,BM3D + Noise2SR,True,0,0.0,0.0,0.0,0,0,12
7b76562318,3_bm3d_noise2sr_clahe,BM3D + Noise2SR + CLAHE,True,0,0.0,0.0,0.0,0,0,12
7b76562318,4_bm3d_clahe,BM3D + CLAHE,True,0,0.0,0.0,0.0,0,0,12
7c5501d292,1_bm3d,BM3D only,True,3,0.7,0.7777777777777778,0.7368421052631577,7,3,2
7c5501d292,2_bm3d_noise2sr,BM3D + Noise2SR,True,1,0.9,1.0,0.9473684210526316,9,1,0
7c5501d292,3_bm3d_noise2sr_clahe,BM3D + Noise2SR + CLAHE,True,0,1.0,1.0,1.0,9,0,0
7c5501d292,4_bm3d_clahe,BM3D + CLAHE,True,0,1.0,1.0,1.0,9,0,0
7e0c56c44b,1_bm3d,BM3D only,True,2,0.75,1.0,0.8571428571428571,6,2,0
7e0c56c44b,2_bm3d_noise2sr,BM3D + Noise2SR,True,1,0.8571428571428571,1.0,0.923076923076923,6,1,0
7e0c56c44b,3_bm3d_noise2sr_clahe,BM3D + Noise2SR + CLAHE,True,0,1.0,1.0,1.0,6,0,0
7e0c56c44b,4_bm3d_clahe,BM3D + CLAHE,True,0,1.0,1.0,1.0,6,0,0
7ecd3c2ab9,1_bm3d,BM3D only,True,1,0.75,1.0,0.8571428571428571,3,1,0
7ecd3c2ab9,2_bm3d_noise2sr,BM3D + Noise2SR,True,1,0.75,1.0,0.8571428571428571,3,1,0
7ecd3c2ab9,3_bm3d_noise2sr_clahe,BM3D + Noise2SR + CLAHE,True,0,1.0,1.0,1.0,3,0,0
7ecd3c2ab9,4_bm3d_clahe,BM3D + CLAHE,True,0,1.0,1.0,1.0,3,0,0
7f1a5b0782,1_bm3d,BM3D only,True,0,1.0,1.0,1.0,2,0,0
7f1a5b0782,2_bm3d_noise2sr,BM3D + Noise2SR,True,0,1.0,1.0,1.0,2,0,0
7f1a5b0782,3_bm3d_noise2sr_clahe,BM3D + Noise2SR + CLAHE,True,0,1.0,1.0,1.0,2,0,0
7f1a5b0782,4_bm3d_clahe,BM3D + CLAHE,True,0,1.0,1.0,1.0,2,0,0
7f50b86c4b,1_bm3d,BM3D only,True,2,0.9746835443037974,0.4277777777777777,0.5945945945945945,77,2,103
7f50b86c4b,2_bm3d_noise2sr,BM3D + Noise2SR,True,1,0.9878048780487804,0.45,0.6183206106870229,81,1,99
7f50b86c4b,3_bm3d_noise2sr_clahe,BM3D + Noise2SR + CLAHE,True,0,0.0,0.0,0.0,0,0,180
7f50b86c4b,4_bm3d_clahe,BM3D + CLAHE,True,0,0.0,0.0,0.0,0,0,180
7f94f4bdab,1_bm3d,BM3D only,True,1,0.9333333333333332,0.9333333333333332,0.9333333333333332,14,1,1
7f94f4bdab,2_bm3d_noise2sr,BM3D + Noise2SR,True,0,1.0,1.0,1.0,15,0,0
7f94f4bdab,3_bm3d_noise2sr_clahe,BM3D + Noise2SR + CLAHE,True,0,1.0,1.0,1.0,15,0,0
7f94f4bdab,4_bm3d_clahe,BM3D + CLAHE,True,0,1.0,0.9333333333333332,0.9655172413793104,14,0,1
7fabcfe23f,1_bm3d,BM3D only,True,3,0.85,0.9444444444444444,0.8947368421052632,17,3,1
7fabcfe23f,2_bm3d_noise2sr,BM3D + Noise2SR,True,1,0.9473684210526316,1.0,0.972972972972973,18,1,0
7fabcfe23f,3_bm3d_noise2sr_clahe,BM3D + Noise2SR + CLAHE,True,0,1.0,1.0,1.0,18,0,0
7fabcfe23f,4_bm3d_clahe,BM3D + CLAHE,True,1,0.9473684210526316,1.0,0.972972972972973,18,1,0
802e607c7c,1_bm3d,BM3D only,True,0,1.0,1.0,1.0,6,0,0
802e607c7c,2_bm3d_noise2sr,BM3D + Noise2SR,True,0,1.0,1.0,1.0,6,0,0
802e607c7c,3_bm3d_noise2sr_clahe,BM3D + Noise2SR + CLAHE,True,0,1.0,0.1666666666666666,0.2857142857142857,1,0,5
802e607c7c,4_bm3d_clahe,BM3D + CLAHE,True,0,1.0,0.3333333333333333,0.5,2,0,4
80d6a1f25a,1_bm3d,BM3D only,True,3,0.8571428571428571,0.2647058823529412,0.4044943820224719,18,3,50
80d6a1f25a,2_bm3d_noise2sr,BM3D + Noise2SR,True,6,0.7692307692307693,0.2941176470588235,0.4255319148936171,20,6,48
80d6a1f25a,3_bm3d_noise2sr_clahe,BM3D + Noise2SR + CLAHE,True,2,0.5,0.0294117647058823,0.0555555555555555,2,2,66
80d6a1f25a,4_bm3d_clahe,BM3D + CLAHE,True,2,0.7142857142857143,0.0735294117647058,0.1333333333333333,5,2,63
8136144eaf,1_bm3d,BM3D only,True,3,0.7692307692307693,1.0,0.8695652173913044,10,3,0
8136144eaf,2_bm3d_noise2sr,BM3D + Noise2SR,True,4,0.7142857142857143,1.0,0.8333333333333333,10,4,0
8136144eaf,3_bm3d_noise2sr_clahe,BM3D + Noise2SR + CLAHE,True,4,0.6923076923076923,0.9,0.7826086956521738,9,4,1
8136144eaf,4_bm3d_clahe,BM3D + CLAHE,True,7,0.5333333333333333,0.8,0.64,8,7,2
82b9b9c2af,1_bm3d,BM3D only,True,0,1.0,0.4561403508771929,0.6265060240963854,26,0,31
82b9b9c2af,2_bm3d_noise2sr,BM3D + Noise2SR,True,0,1.0,0.3508771929824561,0.5194805194805194,20,0,37
82b9b9c2af,3_bm3d_noise2sr_clahe,BM3D + Noise2SR + CLAHE,True,0,0.0,0.0,0.0,0,0,57
82b9b9c2af,4_bm3d_clahe,BM3D + CLAHE,True,0,0.0,0.0,0.0,0,0,57
82c99bbb53,1_bm3d,BM3D only,True,0,1.0,1.0,1.0,1,0,0
82c99bbb53,2_bm3d_noise2sr,BM3D + Noise2SR,True,0,1.0,1.0,1.0,1,0,0
82c99bbb53,3_bm3d_noise2sr_clahe,BM3D + Noise2SR + CLAHE,True,1,0.0,0.0,0.0,0,1,1
82c99bbb53,4_bm3d_clahe,BM3D + CLAHE,True,0,1.0,1.0,1.0,1,0,0
82e8007547,1_bm3d,BM3D only,True,1,0.9285714285714286,0.9285714285714286,0.9285714285714286,13,1,1
82e8007547,2_bm3d_noise2sr,BM3D + Noise2SR,True,1,0.9285714285714286,0.9285714285714286,0.9285714285714286,13,1,1
82e8007547,3_bm3d_noise2sr_clahe,BM3D + Noise2SR + CLAHE,True,0,1.0,0.4285714285714285,0.6,6,0,8
82e8007547,4_bm3d_clahe,BM3D + CLAHE,True,0,1.0,0.6428571428571429,0.782608695652174,9,0,5
83afcabd95,1_bm3d,BM3D only,True,5,0.0,0.0,0.0,0,5,4
83afcabd95,2_bm3d_noise2sr,BM3D + Noise2SR,True,5,0.0,0.0,0.0,0,5,4
83afcabd95,3_bm3d_noise2sr_clahe,BM3D + Noise2SR + CLAHE,True,3,0.25,0.25,0.25,1,3,3
83afcabd95,4_bm3d_clahe,BM3D + CLAHE,True,6,0.0,0.0,0.0,0,6,4
83fd5c9288,1_bm3d,BM3D only,True,0,1.0,0.8888888888888888,0.9411764705882352,8,0,1
83fd5c9288,2_bm3d_noise2sr,BM3D + Noise2SR,True,1,0.8888888888888888,0.8888888888888888,0.8888888888888888,8,1,1
83fd5c9288,3_bm3d_noise2sr_clahe,BM3D + Noise2SR + CLAHE,True,0,1.0,0.8888888888888888,0.9411764705882352,8,0,1
83fd5c9288,4_bm3d_clahe,BM3D + CLAHE,True,2,0.7777777777777778,0.7777777777777778,0.7777777777777778,7,2,2
848b740671,1_bm3d,BM3D only,True,2,0.0,0.0,0.0,0,2,1
848b740671,2_bm3d_noise2sr,BM3D + Noise2SR,True,2,0.3333333333333333,1.0,0.5,1,2,0
848b740671,3_bm3d_noise2sr_clahe,BM3D + Noise2SR + CLAHE,True,0,0.0,0.0,0.0,0,0,1
848b740671,4_bm3d_clahe,BM3D + CLAHE,True,1,0.0,0.0,0.0,0,1,1
84a6330bdb,1_bm3d,BM3D only,True,0,1.0,0.7636363636363637,0.865979381443299,42,0,13
84a6330bdb,2_bm3d_noise2sr,BM3D + Noise2SR,True,0,1.0,0.7454545454545455,0.8541666666666666,41,0,14
84a6330bdb,3_bm3d_noise2sr_clahe,BM3D + Noise2SR + CLAHE,True,0,1.0,0.3454545454545454,0.5135135135135135,19,0,36
84a6330bdb,4_bm3d_clahe,BM3D + CLAHE,True,1,0.9642857142857144,0.4909090909090909,0.6506024096385543,27,1,28
854de5be19,1_bm3d,BM3D only,True,4,0.4285714285714285,0.6,0.5,3,4,2
854de5be19,2_bm3d_noise2sr,BM3D + Noise2SR,True,3,0.5,0.6,0.5454545454545454,3,3,2
854de5be19,3_bm3d_noise2sr_clahe,BM3D + Noise2SR + CLAHE,True,3,0.5,0.6,0.5454545454545454,3,3,2
854de5be19,4_bm3d_clahe,BM3D + CLAHE,True,3,0.5714285714285714,0.8,0.6666666666666666,4,3,1
85a5d4d8b9,1_bm3d,BM3D only,True,3,0.6666666666666666,1.0,0.8,6,3,0
85a5d4d8b9,2_bm3d_noise2sr,BM3D + Noise2SR,True,2,0.75,1.0,0.8571428571428571,6,2,0
85a5d4d8b9,3_bm3d_noise2sr_clahe,BM3D + Noise2SR + CLAHE,True,0,1.0,1.0,1.0,6,0,0
85a5d4d8b9,4_bm3d_clahe,BM3D + CLAHE,True,0,1.0,1.0,1.0,6,0,0
864a2a6ccf,1_bm3d,BM3D only,True,0,1.0,1.0,1.0,1,0,0
864a2a6ccf,2_bm3d_noise2sr,BM3D + Noise2SR,True,0,1.0,1.0,1.0,1,0,0
864a2a6ccf,3_bm3d_noise2sr_clahe,BM3D + Noise2SR + CLAHE,True,0,0.0,0.0,0.0,0,0,1
864a2a6ccf,4_bm3d_clahe,BM3D + CLAHE,True,1,0.5,1.0,0.6666666666666666,1,1,0
87429394b0,1_bm3d,BM3D only,True,0,1.0,1.0,1.0,8,0,0
87429394b0,2_bm3d_noise2sr,BM3D + Noise2SR,True,0,1.0,1.0,1.0,8,0,0
87429394b0,3_bm3d_noise2sr_clahe,BM3D + Noise2SR + CLAHE,True,0,1.0,1.0,1.0,8,0,0
87429394b0,4_bm3d_clahe,BM3D + CLAHE,True,2,0.8,1.0,0.888888888888889,8,2,0
88808139d3,1_bm3d,BM3D only,True,0,1.0,1.0,1.0,15,0,0
88808139d3,2_bm3d_noise2sr,BM3D + Noise2SR,True,0,1.0,1.0,1.0,15,0,0
88808139d3,3_bm3d_noise2sr_clahe,BM3D + Noise2SR + CLAHE,True,0,0.0,0.0,0.0,0,0,15
88808139d3,4_bm3d_clahe,BM3D + CLAHE,True,0,1.0,0.0666666666666666,0.125,1,0,14
893215335a,1_bm3d,BM3D only,True,0,1.0,1.0,1.0,1,0,0
893215335a,2_bm3d_noise2sr,BM3D + Noise2SR,True,0,1.0,1.0,1.0,1,0,0
893215335a,3_bm3d_noise2sr_clahe,BM3D + Noise2SR + CLAHE,True,0,1.0,1.0,1.0,1,0,0
893215335a,4_bm3d_clahe,BM3D + CLAHE,True,0,1.0,1.0,1.0,1,0,0
8b40ed2a82,1_bm3d,BM3D only,True,0,1.0,1.0,1.0,1,0,0
8b40ed2a82,2_bm3d_noise2sr,BM3D + Noise2SR,True,0,1.0,1.0,1.0,1,0,0
8b40ed2a82,3_bm3d_noise2sr_clahe,BM3D + Noise2SR + CLAHE,True,0,0.0,0.0,0.0,0,0,1
8b40ed2a82,4_bm3d_clahe,BM3D + CLAHE,True,0,1.0,1.0,1.0,1,0,0
8b7ce99d43,1_bm3d,BM3D only,True,1,0.875,1.0,0.9333333333333332,7,1,0
8b7ce99d43,2_bm3d_noise2sr,BM3D + Noise2SR,True,1,0.875,1.0,0.9333333333333332,7,1,0
8b7ce99d43,3_bm3d_noise2sr_clahe,BM3D + Noise2SR + CLAHE,True,1,0.875,1.0,0.9333333333333332,7,1,0
8b7ce99d43,4_bm3d_clahe,BM3D + CLAHE,True,1,0.875,1.0,0.9333333333333332,7,1,0
8bf3782470,1_bm3d,BM3D only,True,5,0.375,0.375,0.375,3,5,5
8bf3782470,2_bm3d_noise2sr,BM3D + Noise2SR,True,5,0.375,0.375,0.375,3,5,5
8bf3782470,3_bm3d_noise2sr_clahe,BM3D + Noise2SR + CLAHE,True,1,0.875,0.875,0.875,7,1,1
8bf3782470,4_bm3d_clahe,BM3D + CLAHE,True,2,0.75,0.75,0.75,6,2,2
8c22d1acd5,1_bm3d,BM3D only,True,2,0.8333333333333334,1.0,0.9090909090909092,10,2,0
8c22d1acd5,2_bm3d_noise2sr,BM3D + Noise2SR,True,2,0.8333333333333334,1.0,0.9090909090909092,10,2,0
8c22d1acd5,3_bm3d_noise2sr_clahe,BM3D + Noise2SR + CLAHE,True,1,0.6666666666666666,0.2,0.3076923076923076,2,1,8
8c22d1acd5,4_bm3d_clahe,BM3D + CLAHE,True,1,0.875,0.7,0.7777777777777777,7,1,3
8cee575b39,1_bm3d,BM3D only,True,3,0.8,0.9230769230769232,0.8571428571428571,12,3,1
8cee575b39,2_bm3d_noise2sr,BM3D + Noise2SR,True,3,0.8,0.9230769230769232,0.8571428571428571,12,3,1
8cee575b39,3_bm3d_noise2sr_clahe,BM3D + Noise2SR + CLAHE,True,0,1.0,1.0,1.0,13,0,0
8cee575b39,4_bm3d_clahe,BM3D + CLAHE,True,0,1.0,1.0,1.0,13,0,0
8d7fc4c578,1_bm3d,BM3D only,True,4,0.902439024390244,0.925,0.9135802469135802,37,4,3
8d7fc4c578,2_bm3d_noise2sr,BM3D + Noise2SR,True,4,0.9,0.9,0.9,36,4,4
8d7fc4c578,3_bm3d_noise2sr_clahe,BM3D + Noise2SR + CLAHE,True,1,0.972972972972973,0.9,0.935064935064935,36,1,4
8d7fc4c578,4_bm3d_clahe,BM3D + CLAHE,True,1,0.9722222222222222,0.875,0.9210526315789472,35,1,5
8dffc01cc2,1_bm3d,BM3D only,True,8,0.8620689655172413,0.7575757575757576,0.8064516129032258,50,8,16
8dffc01cc2,2_bm3d_noise2sr,BM3D + Noise2SR,True,4,0.9298245614035088,0.803030303030303,0.8617886178861788,53,4,13
8dffc01cc2,3_bm3d_noise2sr_clahe,BM3D + Noise2SR + CLAHE,True,0,1.0,0.5757575757575758,0.7307692307692308,38,0,28
8dffc01cc2,4_bm3d_clahe,BM3D + CLAHE,True,1,0.979591836734694,0.7272727272727273,0.8347826086956521,48,1,18
8e1269eba3,1_bm3d,BM3D only,True,1,0.75,1.0,0.8571428571428571,3,1,0
8e1269eba3,2_bm3d_noise2sr,BM3D + Noise2SR,True,2,0.6,1.0,0.7499999999999999,3,2,0
8e1269eba3,3_bm3d_noise2sr_clahe,BM3D + Noise2SR + CLAHE,True,0,1.0,1.0,1.0,3,0,0
8e1269eba3,4_bm3d_clahe,BM3D + CLAHE,True,0,1.0,1.0,1.0,3,0,0
8e68b05e0e,1_bm3d,BM3D only,True,1,0.8333333333333334,1.0,0.9090909090909092,5,1,0
8e68b05e0e,2_bm3d_noise2sr,BM3D + Noise2SR,True,0,1.0,1.0,1.0,5,0,0
8e68b05e0e,3_bm3d_noise2sr_clahe,BM3D + Noise2SR + CLAHE,True,0,0.0,0.0,0.0,0,0,5
8e68b05e0e,4_bm3d_clahe,BM3D + CLAHE,True,0,1.0,0.2,0.3333333333333333,1,0,4
8f9db31734,1_bm3d,BM3D only,True,12,0.0,0.0,0.0,0,12,3
8f9db31734,2_bm3d_noise2sr,BM3D + Noise2SR,True,9,0.1,0.3333333333333333,0.1538461538461538,1,9,2
8f9db31734,3_bm3d_noise2sr_clahe,BM3D + Noise2SR + CLAHE,True,3,0.4,0.6666666666666666,0.5,2,3,1
8f9db31734,4_bm3d_clahe,BM3D + CLAHE,True,3,0.5,1.0,0.6666666666666666,3,3,0
90615b870a,1_bm3d,BM3D only,True,0,1.0,1.0,1.0,1,0,0
90615b870a,2_bm3d_noise2sr,BM3D + Noise2SR,True,0,1.0,1.0,1.0,1,0,0
90615b870a,3_bm3d_noise2sr_clahe,BM3D + Noise2SR + CLAHE,True,0,1.0,1.0,1.0,1,0,0
90615b870a,4_bm3d_clahe,BM3D + CLAHE,True,0,1.0,1.0,1.0,1,0,0
9246d32fe0,1_bm3d,BM3D only,True,4,0.9069767441860463,0.8125,0.8571428571428572,39,4,9
9246d32fe0,2_bm3d_noise2sr,BM3D + Noise2SR,True,7,0.86,0.8958333333333334,0.8775510204081632,43,7,5
9246d32fe0,3_bm3d_noise2sr_clahe,BM3D + Noise2SR + CLAHE,True,4,0.9130434782608696,0.875,0.8936170212765957,42,4,6
9246d32fe0,4_bm3d_clahe,BM3D + CLAHE,True,7,0.851063829787234,0.8333333333333334,0.8421052631578947,40,7,8
934d76aaf2,1_bm3d,BM3D only,True,1,0.5,1.0,0.6666666666666666,1,1,0
934d76aaf2,2_bm3d_noise2sr,BM3D + Noise2SR,True,0,1.0,1.0,1.0,1,0,0
934d76aaf2,3_bm3d_noise2sr_clahe,BM3D + Noise2SR + CLAHE,True,0,1.0,1.0,1.0,1,0,0
934d76aaf2,4_bm3d_clahe,BM3D + CLAHE,True,1,0.0,0.0,0.0,0,1,1
93ed483d79,1_bm3d,BM3D only,True,3,0.625,0.7142857142857143,0.6666666666666666,5,3,2
93ed483d79,2_bm3d_noise2sr,BM3D + Noise2SR,True,2,0.75,0.8571428571428571,0.7999999999999999,6,2,1
93ed483d79,3_bm3d_noise2sr_clahe,BM3D + Noise2SR + CLAHE,True,1,0.75,0.4285714285714285,0.5454545454545454,3,1,4
93ed483d79,4_bm3d_clahe,BM3D + CLAHE,True,1,0.75,0.4285714285714285,0.5454545454545454,3,1,4
96c772f28b,1_bm3d,BM3D only,True,0,1.0,0.4347826086956521,0.6060606060606061,10,0,13
96c772f28b,2_bm3d_noise2sr,BM3D + Noise2SR,True,1,0.8333333333333334,0.217391304347826,0.3448275862068966,5,1,18
96c772f28b,3_bm3d_noise2sr_clahe,BM3D + Noise2SR + CLAHE,True,2,0.3333333333333333,0.0434782608695652,0.0769230769230769,1,2,22
96c772f28b,4_bm3d_clahe,BM3D + CLAHE,True,1,0.6666666666666666,0.0869565217391304,0.1538461538461538,2,1,21
9797ed1000,1_bm3d,BM3D only,True,0,1.0,1.0,1.0,3,0,0
9797ed1000,2_bm3d_noise2sr,BM3D + Noise2SR,True,0,1.0,1.0,1.0,3,0,0
9797ed1000,3_bm3d_noise2sr_clahe,BM3D + Noise2SR + CLAHE,True,0,1.0,1.0,1.0,3,0,0
9797ed1000,4_bm3d_clahe,BM3D + CLAHE,True,0,1.0,1.0,1.0,3,0,0
97e645b56e,1_bm3d,BM3D only,True,0,1.0,1.0,1.0,36,0,0
97e645b56e,2_bm3d_noise2sr,BM3D + Noise2SR,True,0,1.0,1.0,1.0,36,0,0
97e645b56e,3_bm3d_noise2sr_clahe,BM3D + Noise2SR + CLAHE,True,0,1.0,0.0277777777777777,0.054054054054054,1,0,35
97e645b56e,4_bm3d_clahe,BM3D + CLAHE,True,0,1.0,0.0277777777777777,0.054054054054054,1,0,35
986f86c3b5,1_bm3d,BM3D only,True,0,1.0,1.0,1.0,9,0,0
986f86c3b5,2_bm3d_noise2sr,BM3D + Noise2SR,True,0,1.0,1.0,1.0,9,0,0
986f86c3b5,3_bm3d_noise2sr_clahe,BM3D + Noise2SR + CLAHE,True,0,1.0,1.0,1.0,9,0,0
986f86c3b5,4_bm3d_clahe,BM3D + CLAHE,True,0,1.0,1.0,1.0,9,0,0
98a18b7db9,1_bm3d,BM3D only,True,0,1.0,0.6206896551724138,0.7659574468085107,18,0,11
98a18b7db9,2_bm3d_noise2sr,BM3D + Noise2SR,True,0,1.0,0.6551724137931034,0.7916666666666666,19,0,10
98a18b7db9,3_bm3d_noise2sr_clahe,BM3D + Noise2SR + CLAHE,True,0,0.0,0.0,0.0,0,0,29
98a18b7db9,4_bm3d_clahe,BM3D + CLAHE,True,0,1.0,0.0689655172413793,0.1290322580645161,2,0,27
9928dad0ac,1_bm3d,BM3D only,True,0,1.0,0.8333333333333334,0.9090909090909092,10,0,2
9928dad0ac,2_bm3d_noise2sr,BM3D + Noise2SR,True,0,1.0,0.8333333333333334,0.9090909090909092,10,0,2
9928dad0ac,3_bm3d_noise2sr_clahe,BM3D + Noise2SR + CLAHE,True,0,1.0,0.8333333333333334,0.9090909090909092,10,0,2
9928dad0ac,4_bm3d_clahe,BM3D + CLAHE,True,0,1.0,0.8333333333333334,0.9090909090909092,10,0,2
99eb4bad25,1_bm3d,BM3D only,True,9,0.3076923076923077,0.3333333333333333,0.32,4,9,8
99eb4bad25,2_bm3d_noise2sr,BM3D + Noise2SR,True,9,0.3571428571428571,0.4166666666666667,0.3846153846153846,5,9,7
99eb4bad25,3_bm3d_noise2sr_clahe,BM3D + Noise2SR + CLAHE,True,3,0.5,0.25,0.3333333333333333,3,3,9
99eb4bad25,4_bm3d_clahe,BM3D + CLAHE,True,6,0.3333333333333333,0.25,0.2857142857142857,3,6,9
9c4905d020,1_bm3d,BM3D only,True,4,0.8709677419354839,0.2842105263157894,0.4285714285714285,27,4,68
9c4905d020,2_bm3d_noise2sr,BM3D + Noise2SR,True,4,0.8260869565217391,0.2,0.3220338983050848,19,4,76
9c4905d020,3_bm3d_noise2sr_clahe,BM3D + Noise2SR + CLAHE,True,0,0.0,0.0,0.0,0,0,95
9c4905d020,4_bm3d_clahe,BM3D + CLAHE,True,0,0.0,0.0,0.0,0,0,95
9c68e03e41,1_bm3d,BM3D only,True,0,1.0,0.9875,0.9937106918238994,79,0,1
9c68e03e41,2_bm3d_noise2sr,BM3D + Noise2SR,True,0,1.0,1.0,1.0,80,0,0
9c68e03e41,3_bm3d_noise2sr_clahe,BM3D + Noise2SR + CLAHE,True,0,1.0,0.0125,0.0246913580246913,1,0,79
9c68e03e41,4_bm3d_clahe,BM3D + CLAHE,True,0,1.0,0.0125,0.0246913580246913,1,0,79
9c9d1af243,1_bm3d,BM3D only,True,0,1.0,1.0,1.0,1,0,0
9c9d1af243,2_bm3d_noise2sr,BM3D + Noise2SR,True,0,1.0,1.0,1.0,1,0,0
9c9d1af243,3_bm3d_noise2sr_clahe,BM3D + Noise2SR + CLAHE,True,1,0.5,1.0,0.6666666666666666,1,1,0
9c9d1af243,4_bm3d_clahe,BM3D + CLAHE,True,2,0.3333333333333333,1.0,0.5,1,2,0
9ca16b98df,1_bm3d,BM3D only,True,0,1.0,0.8333333333333334,0.9090909090909092,20,0,4
9ca16b98df,2_bm3d_noise2sr,BM3D + Noise2SR,True,0,1.0,0.7916666666666666,0.8837209302325582,19,0,5
9ca16b98df,3_bm3d_noise2sr_clahe,BM3D + Noise2SR + CLAHE,True,0,1.0,0.3333333333333333,0.5,8,0,16
9ca16b98df,4_bm3d_clahe,BM3D + CLAHE,True,0,1.0,0.5,0.6666666666666666,12,0,12
9d2e813224,1_bm3d,BM3D only,True,0,1.0,0.6,0.7499999999999999,3,0,2
9d2e813224,2_bm3d_noise2sr,BM3D + Noise2SR,True,0,1.0,0.4,0.5714285714285715,2,0,3
9d2e813224,3_bm3d_noise2sr_clahe,BM3D + Noise2SR + CLAHE,True,0,0.0,0.0,0.0,0,0,5
9d2e813224,4_bm3d_clahe,BM3D + CLAHE,True,1,0.0,0.0,0.0,0,1,5
9dc60257e5,1_bm3d,BM3D only,True,0,1.0,1.0,1.0,8,0,0
9dc60257e5,2_bm3d_noise2sr,BM3D + Noise2SR,True,0,1.0,1.0,1.0,8,0,0
9dc60257e5,3_bm3d_noise2sr_clahe,BM3D + Noise2SR + CLAHE,True,0,1.0,0.875,0.9333333333333332,7,0,1
9dc60257e5,4_bm3d_clahe,BM3D + CLAHE,True,0,1.0,0.875,0.9333333333333332,7,0,1
a027b64ae9,1_bm3d,BM3D only,True,4,0.6923076923076923,0.9,0.7826086956521738,9,4,1
a027b64ae9,2_bm3d_noise2sr,BM3D + Noise2SR,True,2,0.8181818181818182,0.9,0.8571428571428572,9,2,1
a027b64ae9,3_bm3d_noise2sr_clahe,BM3D + Noise2SR + CLAHE,True,0,1.0,0.7,0.8235294117647058,7,0,3
a027b64ae9,4_bm3d_clahe,BM3D + CLAHE,True,1,0.875,0.7,0.7777777777777777,7,1,3
a1315df346,1_bm3d,BM3D only,True,1,0.9090909090909092,0.9090909090909092,0.9090909090909092,10,1,1
a1315df346,2_bm3d_noise2sr,BM3D + Noise2SR,True,1,0.9090909090909092,0.9090909090909092,0.9090909090909092,10,1,1
a1315df346,3_bm3d_noise2sr_clahe,BM3D + Noise2SR + CLAHE,True,2,0.8,0.7272727272727273,0.761904761904762,8,2,3
a1315df346,4_bm3d_clahe,BM3D + CLAHE,True,2,0.8,0.7272727272727273,0.761904761904762,8,2,3
a1dada3898,1_bm3d,BM3D only,True,7,0.3,0.6,0.4,3,7,2
a1dada3898,2_bm3d_noise2sr,BM3D + Noise2SR,True,6,0.3333333333333333,0.6,0.4285714285714285,3,6,2
a1dada3898,3_bm3d_noise2sr_clahe,BM3D + Noise2SR + CLAHE,True,5,0.4444444444444444,0.8,0.5714285714285714,4,5,1
a1dada3898,4_bm3d_clahe,BM3D + CLAHE,True,5,0.4444444444444444,0.8,0.5714285714285714,4,5,1
a1e18db01a,1_bm3d,BM3D only,True,0,1.0,1.0,1.0,7,0,0
a1e18db01a,2_bm3d_noise2sr,BM3D + Noise2SR,True,0,1.0,1.0,1.0,7,0,0
a1e18db01a,3_bm3d_noise2sr_clahe,BM3D + Noise2SR + CLAHE,True,0,1.0,0.5714285714285714,0.7272727272727273,4,0,3
a1e18db01a,4_bm3d_clahe,BM3D + CLAHE,True,1,0.8333333333333334,0.7142857142857143,0.7692307692307692,5,1,2
a2883fc6eb,1_bm3d,BM3D only,True,0,1.0,0.9830508474576272,0.9914529914529916,58,0,1
a2883fc6eb,2_bm3d_noise2sr,BM3D + Noise2SR,True,0,1.0,0.9830508474576272,0.9914529914529916,58,0,1
a2883fc6eb,3_bm3d_noise2sr_clahe,BM3D + Noise2SR + CLAHE,True,0,1.0,0.9152542372881356,0.9557522123893806,54,0,5
a2883fc6eb,4_bm3d_clahe,BM3D + CLAHE,True,0,1.0,0.9322033898305084,0.9649122807017544,55,0,4
a3eb38c236,1_bm3d,BM3D only,True,0,1.0,0.2678571428571428,0.4225352112676056,15,0,41
a3eb38c236,2_bm3d_noise2sr,BM3D + Noise2SR,True,0,1.0,0.1785714285714285,0.303030303030303,10,0,46
a3eb38c236,3_bm3d_noise2sr_clahe,BM3D + Noise2SR + CLAHE,True,0,0.0,0.0,0.0,0,0,56
a3eb38c236,4_bm3d_clahe,BM3D + CLAHE,True,0,1.0,0.0357142857142857,0.0689655172413793,2,0,54
a4027c076c,1_bm3d,BM3D only,True,5,0.6153846153846154,0.1860465116279069,0.2857142857142857,8,5,35
a4027c076c,2_bm3d_noise2sr,BM3D + Noise2SR,True,4,0.6666666666666666,0.1860465116279069,0.2909090909090909,8,4,35
a4027c076c,3_bm3d_noise2sr_clahe,BM3D + Noise2SR + CLAHE,True,1,0.0,0.0,0.0,0,1,43
a4027c076c,4_bm3d_clahe,BM3D + CLAHE,True,2,0.0,0.0,0.0,0,2,43
a45586af89,1_bm3d,BM3D only,True,0,1.0,0.9523809523809524,0.975609756097561,20,0,1
a45586af89,2_bm3d_noise2sr,BM3D + Noise2SR,True,0,1.0,1.0,1.0,21,0,0
a45586af89,3_bm3d_noise2sr_clahe,BM3D + Noise2SR + CLAHE,True,0,1.0,0.9047619047619048,0.95,19,0,2
a45586af89,4_bm3d_clahe,BM3D + CLAHE,True,0,1.0,0.9523809523809524,0.975609756097561,20,0,1
a492171fa8,1_bm3d,BM3D only,True,1,0.8333333333333334,1.0,0.9090909090909092,5,1,0
a492171fa8,2_bm3d_noise2sr,BM3D + Noise2SR,True,0,1.0,1.0,1.0,5,0,0
a492171fa8,3_bm3d_noise2sr_clahe,BM3D + Noise2SR + CLAHE,True,0,1.0,1.0,1.0,5,0,0
a492171fa8,4_bm3d_clahe,BM3D + CLAHE,True,1,0.8333333333333334,1.0,0.9090909090909092,5,1,0
a4b639ab1a,1_bm3d,BM3D only,True,5,0.2857142857142857,1.0,0.4444444444444445,2,5,0
a4b639ab1a,2_bm3d_noise2sr,BM3D + Noise2SR,True,5,0.2857142857142857,1.0,0.4444444444444445,2,5,0
a4b639ab1a,3_bm3d_noise2sr_clahe,BM3D + Noise2SR + CLAHE,True,3,0.4,1.0,0.5714285714285715,2,3,0
a4b639ab1a,4_bm3d_clahe,BM3D + CLAHE,True,3,0.4,1.0,0.5714285714285715,2,3,0
a562af31ea,1_bm3d,BM3D only,True,1,0.75,1.0,0.8571428571428571,3,1,0
a562af31ea,2_bm3d_noise2sr,BM3D + Noise2SR,True,1,0.75,1.0,0.8571428571428571,3,1,0
a562af31ea,3_bm3d_noise2sr_clahe,BM3D + Noise2SR + CLAHE,True,3,0.5,1.0,0.6666666666666666,3,3,0
a562af31ea,4_bm3d_clahe,BM3D + CLAHE,True,3,0.5,1.0,0.6666666666666666,3,3,0
a68915823c,1_bm3d,BM3D only,True,8,0.8260869565217391,0.926829268292683,0.8735632183908046,38,8,3
a68915823c,2_bm3d_noise2sr,BM3D + Noise2SR,True,5,0.8809523809523809,0.902439024390244,0.8915662650602411,37,5,4
a68915823c,3_bm3d_noise2sr_clahe,BM3D + Noise2SR + CLAHE,True,1,0.9705882352941176,0.8048780487804879,0.8800000000000001,33,1,8
a68915823c,4_bm3d_clahe,BM3D + CLAHE,True,2,0.9444444444444444,0.8292682926829268,0.883116883116883,34,2,7
a880175367,1_bm3d,BM3D only,True,0,1.0,1.0,1.0,7,0,0
a880175367,2_bm3d_noise2sr,BM3D + Noise2SR,True,0,1.0,1.0,1.0,7,0,0
a880175367,3_bm3d_noise2sr_clahe,BM3D + Noise2SR + CLAHE,True,0,1.0,0.4285714285714285,0.6,3,0,4
a880175367,4_bm3d_clahe,BM3D + CLAHE,True,1,0.75,0.4285714285714285,0.5454545454545454,3,1,4
a8851978de,1_bm3d,BM3D only,True,0,1.0,0.8235294117647058,0.9032258064516128,14,0,3
a8851978de,2_bm3d_noise2sr,BM3D + Noise2SR,True,0,1.0,0.8235294117647058,0.9032258064516128,14,0,3
a8851978de,3_bm3d_noise2sr_clahe,BM3D + Noise2SR + CLAHE,True,0,1.0,0.2941176470588235,0.4545454545454545,5,0,12
a8851978de,4_bm3d_clahe,BM3D + CLAHE,True,0,1.0,0.5882352941176471,0.7407407407407407,10,0,7
a8e3f32537,1_bm3d,BM3D only,True,0,1.0,0.951219512195122,0.975,39,0,2
a8e3f32537,2_bm3d_noise2sr,BM3D + Noise2SR,True,0,1.0,0.926829268292683,0.9620253164556964,38,0,3
a8e3f32537,3_bm3d_noise2sr_clahe,BM3D + Noise2SR + CLAHE,True,0,1.0,0.8536585365853658,0.9210526315789476,35,0,6
a8e3f32537,4_bm3d_clahe,BM3D + CLAHE,True,0,1.0,0.902439024390244,0.9487179487179488,37,0,4
a9a628444d,1_bm3d,BM3D only,True,10,0.7058823529411765,0.96,0.8135593220338982,24,10,1
a9a628444d,2_bm3d_noise2sr,BM3D + Noise2SR,True,8,0.75,0.96,0.8421052631578947,24,8,1
a9a628444d,3_bm3d_noise2sr_clahe,BM3D + Noise2SR + CLAHE,True,5,0.8275862068965517,0.96,0.888888888888889,24,5,1
a9a628444d,4_bm3d_clahe,BM3D + CLAHE,True,6,0.8,0.96,0.8727272727272728,24,6,1
aa309f6cec,1_bm3d,BM3D only,True,1,0.9375,0.7894736842105263,0.8571428571428572,15,1,4
aa309f6cec,2_bm3d_noise2sr,BM3D + Noise2SR,True,1,0.9333333333333332,0.7368421052631579,0.8235294117647058,14,1,5
aa309f6cec,3_bm3d_noise2sr_clahe,BM3D + Noise2SR + CLAHE,True,4,0.75,0.631578947368421,0.6857142857142857,12,4,7
aa309f6cec,4_bm3d_clahe,BM3D + CLAHE,True,8,0.6190476190476191,0.6842105263157895,0.6500000000000001,13,8,6
aa968ec1b2,1_bm3d,BM3D only,True,0,1.0,1.0,1.0,2,0,0
aa968ec1b2,2_bm3d_noise2sr,BM3D + Noise2SR,True,0,1.0,1.0,1.0,2,0,0
aa968ec1b2,3_bm3d_noise2sr_clahe,BM3D + Noise2SR + CLAHE,True,1,0.6666666666666666,1.0,0.8,2,1,0
aa968ec1b2,4_bm3d_clahe,BM3D + CLAHE,True,0,1.0,1.0,1.0,2,0,0
ab82fe7827,1_bm3d,BM3D only,True,1,0.6666666666666666,1.0,0.8,2,1,0
ab82fe7827,2_bm3d_noise2sr,BM3D + Noise2SR,True,1,0.6666666666666666,1.0,0.8,2,1,0
ab82fe7827,3_bm3d_noise2sr_clahe,BM3D + Noise2SR + CLAHE,True,1,0.6666666666666666,1.0,0.8,2,1,0
ab82fe7827,4_bm3d_clahe,BM3D + CLAHE,True,1,0.6666666666666666,1.0,0.8,2,1,0
ac49e14130,1_bm3d,BM3D only,True,0,1.0,1.0,1.0,4,0,0
ac49e14130,2_bm3d_noise2sr,BM3D + Noise2SR,True,0,1.0,1.0,1.0,4,0,0
ac49e14130,3_bm3d_noise2sr_clahe,BM3D + Noise2SR + CLAHE,True,0,1.0,1.0,1.0,4,0,0
ac49e14130,4_bm3d_clahe,BM3D + CLAHE,True,0,1.0,1.0,1.0,4,0,0
ae001af29f,1_bm3d,BM3D only,True,2,0.8461538461538461,0.7333333333333333,0.7857142857142856,11,2,4
ae001af29f,2_bm3d_noise2sr,BM3D + Noise2SR,True,1,0.9230769230769232,0.8,0.8571428571428571,12,1,3
ae001af29f,3_bm3d_noise2sr_clahe,BM3D + Noise2SR + CLAHE,True,0,1.0,0.8,0.888888888888889,12,0,3
ae001af29f,4_bm3d_clahe,BM3D + CLAHE,True,0,1.0,0.8,0.888888888888889,12,0,3
ae843e9fc0,1_bm3d,BM3D only,True,0,1.0,0.9615384615384616,0.9803921568627452,25,0,1
ae843e9fc0,2_bm3d_noise2sr,BM3D + Noise2SR,True,0,1.0,0.9615384615384616,0.9803921568627452,25,0,1
ae843e9fc0,3_bm3d_noise2sr_clahe,BM3D + Noise2SR + CLAHE,True,0,1.0,0.8846153846153846,0.9387755102040816,23,0,3
ae843e9fc0,4_bm3d_clahe,BM3D + CLAHE,True,0,1.0,0.9615384615384616,0.9803921568627452,25,0,1
af124a45d9,1_bm3d,BM3D only,True,0,1.0,1.0,1.0,60,0,0
af124a45d9,2_bm3d_noise2sr,BM3D + Noise2SR,True,0,1.0,0.9833333333333332,0.991596638655462,59,0,1
af124a45d9,3_bm3d_noise2sr_clahe,BM3D + Noise2SR + CLAHE,True,0,1.0,0.95,0.9743589743589745,57,0,3
af124a45d9,4_bm3d_clahe,BM3D + CLAHE,True,0,1.0,0.9833333333333332,0.991596638655462,59,0,1
af2a275342,1_bm3d,BM3D only,True,6,0.4,0.6666666666666666,0.5,4,6,2
af2a275342,2_bm3d_noise2sr,BM3D + Noise2SR,True,7,0.3,0.5,0.3749999999999999,3,7,3
af2a275342,3_bm3d_noise2sr_clahe,BM3D + Noise2SR + CLAHE,True,0,1.0,1.0,1.0,6,0,0
af2a275342,4_bm3d_clahe,BM3D + CLAHE,True,2,0.75,1.0,0.8571428571428571,6,2,0
b0e3041a0d,1_bm3d,BM3D only,True,1,0.75,1.0,0.8571428571428571,3,1,0
b0e3041a0d,2_bm3d_noise2sr,BM3D + Noise2SR,True,0,1.0,1.0,1.0,3,0,0
b0e3041a0d,3_bm3d_noise2sr_clahe,BM3D + Noise2SR + CLAHE,True,0,1.0,1.0,1.0,3,0,0
b0e3041a0d,4_bm3d_clahe,BM3D + CLAHE,True,1,0.75,1.0,0.8571428571428571,3,1,0
b16f4f83a4,1_bm3d,BM3D only,True,1,0.9473684210526316,0.9,0.9230769230769232,18,1,2
b16f4f83a4,2_bm3d_noise2sr,BM3D + Noise2SR,True,1,0.9444444444444444,0.85,0.8947368421052632,17,1,3
b16f4f83a4,3_bm3d_noise2sr_clahe,BM3D + Noise2SR + CLAHE,True,0,1.0,0.8,0.888888888888889,16,0,4
b16f4f83a4,4_bm3d_clahe,BM3D + CLAHE,True,3,0.8421052631578947,0.8,0.8205128205128205,16,3,4
b1fc590830,1_bm3d,BM3D only,True,0,1.0,1.0,1.0,2,0,0
b1fc590830,2_bm3d_noise2sr,BM3D + Noise2SR,True,0,1.0,1.0,1.0,2,0,0
b1fc590830,3_bm3d_noise2sr_clahe,BM3D + Noise2SR + CLAHE,True,0,1.0,1.0,1.0,2,0,0
b1fc590830,4_bm3d_clahe,BM3D + CLAHE,True,0,1.0,1.0,1.0,2,0,0
b2a7683174,1_bm3d,BM3D only,True,0,1.0,0.9390243902439024,0.9685534591194968,77,0,5
b2a7683174,2_bm3d_noise2sr,BM3D + Noise2SR,True,0,1.0,0.951219512195122,0.975,78,0,4
b2a7683174,3_bm3d_noise2sr_clahe,BM3D + Noise2SR + CLAHE,True,0,1.0,0.5365853658536586,0.6984126984126985,44,0,38
b2a7683174,4_bm3d_clahe,BM3D + CLAHE,True,1,0.9807692307692308,0.6219512195121951,0.7611940298507464,51,1,31
b2f6f1bbf9,1_bm3d,BM3D only,True,1,0.9166666666666666,1.0,0.9565217391304348,11,1,0
b2f6f1bbf9,2_bm3d_noise2sr,BM3D + Noise2SR,True,1,0.9166666666666666,1.0,0.9565217391304348,11,1,0
b2f6f1bbf9,3_bm3d_noise2sr_clahe,BM3D + Noise2SR + CLAHE,True,0,1.0,0.7272727272727273,0.8421052631578948,8,0,3
b2f6f1bbf9,4_bm3d_clahe,BM3D + CLAHE,True,1,0.8888888888888888,0.7272727272727273,0.7999999999999999,8,1,3
b392e4784f,1_bm3d,BM3D only,True,0,1.0,0.1875,0.3157894736842105,3,0,13
b392e4784f,2_bm3d_noise2sr,BM3D + Noise2SR,True,0,1.0,0.0625,0.1176470588235294,1,0,15
b392e4784f,3_bm3d_noise2sr_clahe,BM3D + Noise2SR + CLAHE,True,0,0.0,0.0,0.0,0,0,16
b392e4784f,4_bm3d_clahe,BM3D + CLAHE,True,0,0.0,0.0,0.0,0,0,16
b3e7900e39,1_bm3d,BM3D only,True,0,1.0,0.992063492063492,0.99601593625498,125,0,1
b3e7900e39,2_bm3d_noise2sr,BM3D + Noise2SR,True,0,1.0,0.992063492063492,0.99601593625498,125,0,1
b3e7900e39,3_bm3d_noise2sr_clahe,BM3D + Noise2SR + CLAHE,True,0,1.0,0.3571428571428571,0.5263157894736842,45,0,81
b3e7900e39,4_bm3d_clahe,BM3D + CLAHE,True,1,0.9855072463768116,0.5396825396825397,0.6974358974358974,68,1,58
b452204939,1_bm3d,BM3D only,True,1,0.75,1.0,0.8571428571428571,3,1,0
b452204939,2_bm3d_noise2sr,BM3D + Noise2SR,True,1,0.75,1.0,0.8571428571428571,3,1,0
b452204939,3_bm3d_noise2sr_clahe,BM3D + Noise2SR + CLAHE,True,0,1.0,1.0,1.0,3,0,0
b452204939,4_bm3d_clahe,BM3D + CLAHE,True,1,0.75,1.0,0.8571428571428571,3,1,0
b4ab2ea927,1_bm3d,BM3D only,True,0,1.0,1.0,1.0,18,0,0
b4ab2ea927,2_bm3d_noise2sr,BM3D + Noise2SR,True,0,1.0,1.0,1.0,18,0,0
b4ab2ea927,3_bm3d_noise2sr_clahe,BM3D + Noise2SR + CLAHE,True,0,1.0,0.8888888888888888,0.9411764705882352,16,0,2
b4ab2ea927,4_bm3d_clahe,BM3D + CLAHE,True,0,1.0,0.9444444444444444,0.9714285714285714,17,0,1
b5ba9813a4,1_bm3d,BM3D only,True,1,0.9333333333333332,0.7,0.8,14,1,6
b5ba9813a4,2_bm3d_noise2sr,BM3D + Noise2SR,True,1,0.9375,0.75,0.8333333333333334,15,1,5
b5ba9813a4,3_bm3d_noise2sr_clahe,BM3D + Noise2SR + CLAHE,True,1,0.9090909090909092,0.5,0.6451612903225806,10,1,10
b5ba9813a4,4_bm3d_clahe,BM3D + CLAHE,True,1,0.9090909090909092,0.5,0.6451612903225806,10,1,10
b616ffa779,1_bm3d,BM3D only,True,0,1.0,1.0,1.0,2,0,0
b616ffa779,2_bm3d_noise2sr,BM3D + Noise2SR,True,0,1.0,1.0,1.0,2,0,0
b616ffa779,3_bm3d_noise2sr_clahe,BM3D + Noise2SR + CLAHE,True,0,1.0,1.0,1.0,2,0,0
b616ffa779,4_bm3d_clahe,BM3D + CLAHE,True,0,1.0,1.0,1.0,2,0,0
b657336f23,1_bm3d,BM3D only,True,6,0.4,1.0,0.5714285714285715,4,6,0
b657336f23,2_bm3d_noise2sr,BM3D + Noise2SR,True,5,0.4444444444444444,1.0,0.6153846153846153,4,5,0
b657336f23,3_bm3d_noise2sr_clahe,BM3D + Noise2SR + CLAHE,True,1,0.8,1.0,0.888888888888889,4,1,0
b657336f23,4_bm3d_clahe,BM3D + CLAHE,True,1,0.8,1.0,0.888888888888889,4,1,0
b78bdee5d3,1_bm3d,BM3D only,True,7,0.5333333333333333,0.8888888888888888,0.6666666666666667,8,7,1
b78bdee5d3,2_bm3d_noise2sr,BM3D + Noise2SR,True,7,0.5333333333333333,0.8888888888888888,0.6666666666666667,8,7,1
b78bdee5d3,3_bm3d_noise2sr_clahe,BM3D + Noise2SR + CLAHE,True,6,0.5714285714285714,0.8888888888888888,0.6956521739130435,8,6,1
b78bdee5d3,4_bm3d_clahe,BM3D + CLAHE,True,6,0.5714285714285714,0.8888888888888888,0.6956521739130435,8,6,1
b85f5e414c,1_bm3d,BM3D only,True,0,1.0,1.0,1.0,1,0,0
b85f5e414c,2_bm3d_noise2sr,BM3D + Noise2SR,True,0,1.0,1.0,1.0,1,0,0
b85f5e414c,3_bm3d_noise2sr_clahe,BM3D + Noise2SR + CLAHE,True,0,1.0,1.0,1.0,1,0,0
b85f5e414c,4_bm3d_clahe,BM3D + CLAHE,True,0,1.0,1.0,1.0,1,0,0
b8e9061c90,1_bm3d,BM3D only,True,3,0.926829268292683,0.9743589743589745,0.95,38,3,1
b8e9061c90,2_bm3d_noise2sr,BM3D + Noise2SR,True,2,0.95,0.9743589743589745,0.9620253164556962,38,2,1
b8e9061c90,3_bm3d_noise2sr_clahe,BM3D + Noise2SR + CLAHE,True,3,0.926829268292683,0.9743589743589745,0.95,38,3,1
b8e9061c90,4_bm3d_clahe,BM3D + CLAHE,True,4,0.9047619047619048,0.9743589743589745,0.9382716049382716,38,4,1
b996f341bd,1_bm3d,BM3D only,True,5,0.782608695652174,0.9,0.8372093023255814,18,5,2
b996f341bd,2_bm3d_noise2sr,BM3D + Noise2SR,True,4,0.8,0.8,0.8000000000000002,16,4,4
b996f341bd,3_bm3d_noise2sr_clahe,BM3D + Noise2SR + CLAHE,True,0,1.0,0.8,0.888888888888889,16,0,4
b996f341bd,4_bm3d_clahe,BM3D + CLAHE,True,2,0.8888888888888888,0.8,0.8421052631578948,16,2,4
b9deddff33,1_bm3d,BM3D only,True,1,0.9655172413793104,0.9655172413793104,0.9655172413793104,28,1,1
b9deddff33,2_bm3d_noise2sr,BM3D + Noise2SR,True,2,0.935483870967742,1.0,0.9666666666666666,29,2,0
b9deddff33,3_bm3d_noise2sr_clahe,BM3D + Noise2SR + CLAHE,True,1,0.9642857142857144,0.9310344827586208,0.9473684210526316,27,1,2
b9deddff33,4_bm3d_clahe,BM3D + CLAHE,True,2,0.9333333333333332,0.9655172413793104,0.9491525423728816,28,2,1
bc1fe886af,1_bm3d,BM3D only,True,1,0.0,0.0,0.0,0,1,1
bc1fe886af,2_bm3d_noise2sr,BM3D + Noise2SR,True,1,0.0,0.0,0.0,0,1,1
bc1fe886af,3_bm3d_noise2sr_clahe,BM3D + Noise2SR + CLAHE,True,0,1.0,1.0,1.0,1,0,0
bc1fe886af,4_bm3d_clahe,BM3D + CLAHE,True,0,1.0,1.0,1.0,1,0,0
bf6f1a320a,1_bm3d,BM3D only,True,1,0.8888888888888888,1.0,0.9411764705882352,8,1,0
bf6f1a320a,2_bm3d_noise2sr,BM3D + Noise2SR,True,1,0.8888888888888888,1.0,0.9411764705882352,8,1,0
bf6f1a320a,3_bm3d_noise2sr_clahe,BM3D + Noise2SR + CLAHE,True,0,1.0,1.0,1.0,8,0,0
bf6f1a320a,4_bm3d_clahe,BM3D + CLAHE,True,0,1.0,1.0,1.0,8,0,0
bf901d32a3,1_bm3d,BM3D only,True,1,0.8333333333333334,0.8333333333333334,0.8333333333333334,5,1,1
bf901d32a3,2_bm3d_noise2sr,BM3D + Noise2SR,True,0,1.0,0.6666666666666666,0.8,4,0,2
bf901d32a3,3_bm3d_noise2sr_clahe,BM3D + Noise2SR + CLAHE,True,0,0.0,0.0,0.0,0,0,6
bf901d32a3,4_bm3d_clahe,BM3D + CLAHE,True,0,0.0,0.0,0.0,0,0,6
c0ba8a65a5,1_bm3d,BM3D only,True,1,0.8,0.8,0.8000000000000002,4,1,1
c0ba8a65a5,2_bm3d_noise2sr,BM3D + Noise2SR,True,1,0.8,0.8,0.8000000000000002,4,1,1
c0ba8a65a5,3_bm3d_noise2sr_clahe,BM3D + Noise2SR + CLAHE,True,1,0.8,0.8,0.8000000000000002,4,1,1
c0ba8a65a5,4_bm3d_clahe,BM3D + CLAHE,True,0,1.0,0.8,0.888888888888889,4,0,1
c0fcfec15c,1_bm3d,BM3D only,True,1,0.8,1.0,0.888888888888889,4,1,0
c0fcfec15c,2_bm3d_noise2sr,BM3D + Noise2SR,True,0,1.0,1.0,1.0,4,0,0
c0fcfec15c,3_bm3d_noise2sr_clahe,BM3D + Noise2SR + CLAHE,True,3,0.4,0.5,0.4444444444444445,2,3,2
c0fcfec15c,4_bm3d_clahe,BM3D + CLAHE,True,2,0.5,0.5,0.5,2,2,2
c1bfc4308b,1_bm3d,BM3D only,True,1,0.9411764705882352,0.8888888888888888,0.9142857142857144,16,1,2
c1bfc4308b,2_bm3d_noise2sr,BM3D + Noise2SR,True,0,1.0,0.8888888888888888,0.9411764705882352,16,0,2
c1bfc4308b,3_bm3d_noise2sr_clahe,BM3D + Noise2SR + CLAHE,True,0,1.0,0.3333333333333333,0.5,6,0,12
c1bfc4308b,4_bm3d_clahe,BM3D + CLAHE,True,1,0.9230769230769232,0.6666666666666666,0.7741935483870968,12,1,6
c1cccb3332,1_bm3d,BM3D only,True,0,1.0,0.9285714285714286,0.962962962962963,13,0,1
c1cccb3332,2_bm3d_noise2sr,BM3D + Noise2SR,True,0,1.0,0.9285714285714286,0.962962962962963,13,0,1
c1cccb3332,3_bm3d_noise2sr_clahe,BM3D + Noise2SR + CLAHE,True,0,1.0,0.7857142857142857,0.88,11,0,3
c1cccb3332,4_bm3d_clahe,BM3D + CLAHE,True,3,0.7692307692307693,0.7142857142857143,0.7407407407407408,10,3,4
c294fece54,1_bm3d,BM3D only,True,0,1.0,1.0,1.0,3,0,0
c294fece54,2_bm3d_noise2sr,BM3D + Noise2SR,True,0,1.0,1.0,1.0,3,0,0
c294fece54,3_bm3d_noise2sr_clahe,BM3D + Noise2SR + CLAHE,True,1,0.6666666666666666,0.6666666666666666,0.6666666666666666,2,1,1
c294fece54,4_bm3d_clahe,BM3D + CLAHE,True,0,1.0,1.0,1.0,3,0,0
c363833ad2,1_bm3d,BM3D only,True,2,0.925925925925926,0.8620689655172413,0.8928571428571429,25,2,4
c363833ad2,2_bm3d_noise2sr,BM3D + Noise2SR,True,2,0.925925925925926,0.8620689655172413,0.8928571428571429,25,2,4
c363833ad2,3_bm3d_noise2sr_clahe,BM3D + Noise2SR + CLAHE,True,2,0.9230769230769232,0.8275862068965517,0.8727272727272727,24,2,5
c363833ad2,4_bm3d_clahe,BM3D + CLAHE,True,2,0.925925925925926,0.8620689655172413,0.8928571428571429,25,2,4
c36b04376a,1_bm3d,BM3D only,True,4,0.0,0.0,0.0,0,4,1
c36b04376a,2_bm3d_noise2sr,BM3D + Noise2SR,True,5,0.0,0.0,0.0,0,5,1
c36b04376a,3_bm3d_noise2sr_clahe,BM3D + Noise2SR + CLAHE,True,3,0.0,0.0,0.0,0,3,1
c36b04376a,4_bm3d_clahe,BM3D + CLAHE,True,3,0.0,0.0,0.0,0,3,1
c5c0825297,1_bm3d,BM3D only,True,1,0.9583333333333334,0.8846153846153846,0.92,23,1,3
c5c0825297,2_bm3d_noise2sr,BM3D + Noise2SR,True,1,0.9565217391304348,0.8461538461538461,0.8979591836734695,22,1,4
c5c0825297,3_bm3d_noise2sr_clahe,BM3D + Noise2SR + CLAHE,True,1,0.95,0.7307692307692307,0.8260869565217392,19,1,7
c5c0825297,4_bm3d_clahe,BM3D + CLAHE,True,1,0.9523809523809524,0.7692307692307693,0.8510638297872339,20,1,6
c61a50a061,1_bm3d,BM3D only,True,2,0.9801980198019802,0.9252336448598132,0.9519230769230768,99,2,8
c61a50a061,2_bm3d_noise2sr,BM3D + Noise2SR,True,1,0.98989898989899,0.9158878504672896,0.9514563106796116,98,1,9
c61a50a061,3_bm3d_noise2sr_clahe,BM3D + Noise2SR + CLAHE,True,1,0.9896907216494846,0.897196261682243,0.9411764705882352,96,1,11
c61a50a061,4_bm3d_clahe,BM3D + CLAHE,True,0,1.0,0.9158878504672896,0.9560975609756098,98,0,9
c6ea896731,1_bm3d,BM3D only,True,1,0.5,0.5,0.5,1,1,1
c6ea896731,2_bm3d_noise2sr,BM3D + Noise2SR,True,1,0.5,0.5,0.5,1,1,1
c6ea896731,3_bm3d_noise2sr_clahe,BM3D + Noise2SR + CLAHE,True,0,1.0,1.0,1.0,2,0,0
c6ea896731,4_bm3d_clahe,BM3D + CLAHE,True,1,0.6666666666666666,1.0,0.8,2,1,0
c7e9ec8d48,1_bm3d,BM3D only,True,1,0.5,0.5,0.5,1,1,1
c7e9ec8d48,2_bm3d_noise2sr,BM3D + Noise2SR,True,1,0.5,0.5,0.5,1,1,1
c7e9ec8d48,3_bm3d_noise2sr_clahe,BM3D + Noise2SR + CLAHE,True,1,0.0,0.0,0.0,0,1,2
c7e9ec8d48,4_bm3d_clahe,BM3D + CLAHE,True,1,0.5,0.5,0.5,1,1,1
c812c93fbd,1_bm3d,BM3D only,True,3,0.0,0.0,0.0,0,3,2
c812c93fbd,2_bm3d_noise2sr,BM3D + Noise2SR,True,2,0.0,0.0,0.0,0,2,2
c812c93fbd,3_bm3d_noise2sr_clahe,BM3D + Noise2SR + CLAHE,True,1,0.5,0.5,0.5,1,1,1
c812c93fbd,4_bm3d_clahe,BM3D + CLAHE,True,2,0.3333333333333333,0.5,0.4,1,2,1
c83a6e91b0,1_bm3d,BM3D only,True,0,1.0,1.0,1.0,5,0,0
c83a6e91b0,2_bm3d_noise2sr,BM3D + Noise2SR,True,1,0.8,0.8,0.8000000000000002,4,1,1
c83a6e91b0,3_bm3d_noise2sr_clahe,BM3D + Noise2SR + CLAHE,True,2,0.7142857142857143,1.0,0.8333333333333333,5,2,0
c83a6e91b0,4_bm3d_clahe,BM3D + CLAHE,True,3,0.625,1.0,0.7692307692307693,5,3,0
c88cae3e95,1_bm3d,BM3D only,True,1,0.875,1.0,0.9333333333333332,7,1,0
c88cae3e95,2_bm3d_noise2sr,BM3D + Noise2SR,True,1,0.875,1.0,0.9333333333333332,7,1,0
c88cae3e95,3_bm3d_noise2sr_clahe,BM3D + Noise2SR + CLAHE,True,0,1.0,0.8571428571428571,0.923076923076923,6,0,1
c88cae3e95,4_bm3d_clahe,BM3D + CLAHE,True,0,1.0,1.0,1.0,7,0,0
c984680063,1_bm3d,BM3D only,True,4,0.0,0.0,0.0,0,4,2
c984680063,2_bm3d_noise2sr,BM3D + Noise2SR,True,3,0.0,0.0,0.0,0,3,2
c984680063,3_bm3d_noise2sr_clahe,BM3D + Noise2SR + CLAHE,True,3,0.0,0.0,0.0,0,3,2
c984680063,4_bm3d_clahe,BM3D + CLAHE,True,3,0.0,0.0,0.0,0,3,2
ca780314cd,1_bm3d,BM3D only,True,4,0.875,0.9032258064516128,0.8888888888888888,28,4,3
ca780314cd,2_bm3d_noise2sr,BM3D + Noise2SR,True,3,0.90625,0.935483870967742,0.9206349206349206,29,3,2
ca780314cd,3_bm3d_noise2sr_clahe,BM3D + Noise2SR + CLAHE,True,1,0.9642857142857144,0.8709677419354839,0.9152542372881356,27,1,4
ca780314cd,4_bm3d_clahe,BM3D + CLAHE,True,2,0.9333333333333332,0.9032258064516128,0.918032786885246,28,2,3
cb13cb5f85,1_bm3d,BM3D only,True,0,1.0,1.0,1.0,2,0,0
cb13cb5f85,2_bm3d_noise2sr,BM3D + Noise2SR,True,0,1.0,1.0,1.0,2,0,0
cb13cb5f85,3_bm3d_noise2sr_clahe,BM3D + Noise2SR + CLAHE,True,0,1.0,1.0,1.0,2,0,0
cb13cb5f85,4_bm3d_clahe,BM3D + CLAHE,True,0,1.0,1.0,1.0,2,0,0
cc87926397,1_bm3d,BM3D only,True,0,1.0,0.9285714285714286,0.962962962962963,13,0,1
cc87926397,2_bm3d_noise2sr,BM3D + Noise2SR,True,0,1.0,0.8571428571428571,0.923076923076923,12,0,2
cc87926397,3_bm3d_noise2sr_clahe,BM3D + Noise2SR + CLAHE,True,0,1.0,0.3571428571428571,0.5263157894736842,5,0,9
cc87926397,4_bm3d_clahe,BM3D + CLAHE,True,0,1.0,0.4285714285714285,0.6,6,0,8
cc9540d282,1_bm3d,BM3D only,True,0,1.0,1.0,1.0,3,0,0
cc9540d282,2_bm3d_noise2sr,BM3D + Noise2SR,True,0,1.0,1.0,1.0,3,0,0
cc9540d282,3_bm3d_noise2sr_clahe,BM3D + Noise2SR + CLAHE,True,1,0.75,1.0,0.8571428571428571,3,1,0
cc9540d282,4_bm3d_clahe,BM3D + CLAHE,True,2,0.6,1.0,0.7499999999999999,3,2,0
cd48200d46,1_bm3d,BM3D only,True,0,1.0,1.0,1.0,26,0,0
cd48200d46,2_bm3d_noise2sr,BM3D + Noise2SR,True,0,1.0,1.0,1.0,26,0,0
cd48200d46,3_bm3d_noise2sr_clahe,BM3D + Noise2SR + CLAHE,True,0,1.0,1.0,1.0,26,0,0
cd48200d46,4_bm3d_clahe,BM3D + CLAHE,True,0,1.0,1.0,1.0,26,0,0
ce2f96aae1,1_bm3d,BM3D only,True,8,0.5789473684210527,0.7857142857142857,0.6666666666666667,11,8,3
ce2f96aae1,2_bm3d_noise2sr,BM3D + Noise2SR,True,5,0.6666666666666666,0.7142857142857143,0.689655172413793,10,5,4
ce2f96aae1,3_bm3d_noise2sr_clahe,BM3D + Noise2SR + CLAHE,True,2,0.8461538461538461,0.7857142857142857,0.8148148148148148,11,2,3
ce2f96aae1,4_bm3d_clahe,BM3D + CLAHE,True,3,0.7857142857142857,0.7857142857142857,0.7857142857142857,11,3,3
ce41e4e56d,1_bm3d,BM3D only,True,2,0.9310344827586208,0.8709677419354839,0.9,27,2,4
ce41e4e56d,2_bm3d_noise2sr,BM3D + Noise2SR,True,2,0.9310344827586208,0.8709677419354839,0.9,27,2,4
ce41e4e56d,3_bm3d_noise2sr_clahe,BM3D + Noise2SR + CLAHE,True,0,1.0,0.9032258064516128,0.9491525423728812,28,0,3
ce41e4e56d,4_bm3d_clahe,BM3D + CLAHE,True,2,0.9310344827586208,0.8709677419354839,0.9,27,2,4
ce6d981687,1_bm3d,BM3D only,True,8,0.2,0.4,0.2666666666666666,2,8,3
ce6d981687,2_bm3d_noise2sr,BM3D + Noise2SR,True,4,0.4285714285714285,0.6,0.5,3,4,2
ce6d981687,3_bm3d_noise2sr_clahe,BM3D + Noise2SR + CLAHE,True,1,0.75,0.6,0.6666666666666665,3,1,2
ce6d981687,4_bm3d_clahe,BM3D + CLAHE,True,1,0.8,0.8,0.8000000000000002,4,1,1
cecb19b837,1_bm3d,BM3D only,True,0,1.0,1.0,1.0,1,0,0
cecb19b837,2_bm3d_noise2sr,BM3D + Noise2SR,True,0,1.0,1.0,1.0,1,0,0
cecb19b837,3_bm3d_noise2sr_clahe,BM3D + Noise2SR + CLAHE,True,0,1.0,1.0,1.0,1,0,0
cecb19b837,4_bm3d_clahe,BM3D + CLAHE,True,0,1.0,1.0,1.0,1,0,0
cf6823322f,1_bm3d,BM3D only,True,0,1.0,1.0,1.0,7,0,0
cf6823322f,2_bm3d_noise2sr,BM3D + Noise2SR,True,0,1.0,1.0,1.0,7,0,0
cf6823322f,3_bm3d_noise2sr_clahe,BM3D + Noise2SR + CLAHE,True,0,1.0,1.0,1.0,7,0,0
cf6823322f,4_bm3d_clahe,BM3D + CLAHE,True,0,1.0,1.0,1.0,7,0,0
cf703078f2,1_bm3d,BM3D only,True,7,0.3,0.4285714285714285,0.3529411764705882,3,7,4
cf703078f2,2_bm3d_noise2sr,BM3D + Noise2SR,True,7,0.3,0.4285714285714285,0.3529411764705882,3,7,4
cf703078f2,3_bm3d_noise2sr_clahe,BM3D + Noise2SR + CLAHE,True,1,0.8571428571428571,0.8571428571428571,0.8571428571428571,6,1,1
cf703078f2,4_bm3d_clahe,BM3D + CLAHE,True,1,0.8571428571428571,0.8571428571428571,0.8571428571428571,6,1,1
d04d7ced9f,1_bm3d,BM3D only,True,0,1.0,1.0,1.0,17,0,0
d04d7ced9f,2_bm3d_noise2sr,BM3D + Noise2SR,True,0,1.0,1.0,1.0,17,0,0
d04d7ced9f,3_bm3d_noise2sr_clahe,BM3D + Noise2SR + CLAHE,True,0,1.0,0.4117647058823529,0.5833333333333334,7,0,10
d04d7ced9f,4_bm3d_clahe,BM3D + CLAHE,True,0,1.0,0.5294117647058824,0.6923076923076924,9,0,8
d29d644539,1_bm3d,BM3D only,True,4,0.4285714285714285,1.0,0.6,3,4,0
d29d644539,2_bm3d_noise2sr,BM3D + Noise2SR,True,2,0.6,1.0,0.7499999999999999,3,2,0
d29d644539,3_bm3d_noise2sr_clahe,BM3D + Noise2SR + CLAHE,True,0,1.0,1.0,1.0,3,0,0
d29d644539,4_bm3d_clahe,BM3D + CLAHE,True,0,1.0,1.0,1.0,3,0,0
d3ed612a2d,1_bm3d,BM3D only,True,0,1.0,1.0,1.0,1,0,0
d3ed612a2d,2_bm3d_noise2sr,BM3D + Noise2SR,True,0,1.0,1.0,1.0,1,0,0
d3ed612a2d,3_bm3d_noise2sr_clahe,BM3D + Noise2SR + CLAHE,True,1,0.5,1.0,0.6666666666666666,1,1,0
d3ed612a2d,4_bm3d_clahe,BM3D + CLAHE,True,1,0.5,1.0,0.6666666666666666,1,1,0
d5e8abb61d,1_bm3d,BM3D only,True,1,0.9852941176470588,0.9710144927536232,0.978102189781022,67,1,2
d5e8abb61d,2_bm3d_noise2sr,BM3D + Noise2SR,True,1,0.9852941176470588,0.9710144927536232,0.978102189781022,67,1,2
d5e8abb61d,3_bm3d_noise2sr_clahe,BM3D + Noise2SR + CLAHE,True,0,1.0,0.8695652173913043,0.9302325581395348,60,0,9
d5e8abb61d,4_bm3d_clahe,BM3D + CLAHE,True,1,0.984375,0.9130434782608696,0.9473684210526316,63,1,6
d6613c4ec5,1_bm3d,BM3D only,True,0,1.0,1.0,1.0,7,0,0
d6613c4ec5,2_bm3d_noise2sr,BM3D + Noise2SR,True,0,1.0,1.0,1.0,7,0,0
d6613c4ec5,3_bm3d_noise2sr_clahe,BM3D + Noise2SR + CLAHE,True,0,1.0,1.0,1.0,7,0,0
d6613c4ec5,4_bm3d_clahe,BM3D + CLAHE,True,0,1.0,1.0,1.0,7,0,0
d722a3a383,1_bm3d,BM3D only,True,2,0.875,1.0,0.9333333333333332,14,2,0
d722a3a383,2_bm3d_noise2sr,BM3D + Noise2SR,True,2,0.875,1.0,0.9333333333333332,14,2,0
d722a3a383,3_bm3d_noise2sr_clahe,BM3D + Noise2SR + CLAHE,True,1,0.9333333333333332,1.0,0.9655172413793104,14,1,0
d722a3a383,4_bm3d_clahe,BM3D + CLAHE,True,4,0.7333333333333333,0.7857142857142857,0.7586206896551724,11,4,3
d7da1a24ad,1_bm3d,BM3D only,True,0,1.0,1.0,1.0,1,0,0
d7da1a24ad,2_bm3d_noise2sr,BM3D + Noise2SR,True,0,1.0,1.0,1.0,1,0,0
d7da1a24ad,3_bm3d_noise2sr_clahe,BM3D + Noise2SR + CLAHE,True,0,1.0,1.0,1.0,1,0,0
d7da1a24ad,4_bm3d_clahe,BM3D + CLAHE,True,0,1.0,1.0,1.0,1,0,0
d822219f76,1_bm3d,BM3D only,True,0,1.0,1.0,1.0,2,0,0
d822219f76,2_bm3d_noise2sr,BM3D + Noise2SR,True,0,1.0,1.0,1.0,2,0,0
d822219f76,3_bm3d_noise2sr_clahe,BM3D + Noise2SR + CLAHE,True,0,1.0,1.0,1.0,2,0,0
d822219f76,4_bm3d_clahe,BM3D + CLAHE,True,2,0.5,1.0,0.6666666666666666,2,2,0
d83980d44e,1_bm3d,BM3D only,True,0,1.0,0.9230769230769232,0.96,72,0,6
d83980d44e,2_bm3d_noise2sr,BM3D + Noise2SR,True,0,1.0,0.9230769230769232,0.96,72,0,6
d83980d44e,3_bm3d_noise2sr_clahe,BM3D + Noise2SR + CLAHE,True,0,1.0,0.6025641025641025,0.7519999999999999,47,0,31
d83980d44e,4_bm3d_clahe,BM3D + CLAHE,True,0,1.0,0.6794871794871795,0.8091603053435115,53,0,25
d8eff0e0bd,1_bm3d,BM3D only,True,0,1.0,1.0,1.0,2,0,0
d8eff0e0bd,2_bm3d_noise2sr,BM3D + Noise2SR,True,0,1.0,1.0,1.0,2,0,0
d8eff0e0bd,3_bm3d_noise2sr_clahe,BM3D + Noise2SR + CLAHE,True,0,1.0,1.0,1.0,2,0,0
d8eff0e0bd,4_bm3d_clahe,BM3D + CLAHE,True,1,0.5,0.5,0.5,1,1,1
d90c9c5b72,1_bm3d,BM3D only,True,0,1.0,1.0,1.0,3,0,0
d90c9c5b72,2_bm3d_noise2sr,BM3D + Noise2SR,True,0,1.0,1.0,1.0,3,0,0
d90c9c5b72,3_bm3d_noise2sr_clahe,BM3D + Noise2SR + CLAHE,True,1,0.5,0.3333333333333333,0.4,1,1,2
d90c9c5b72,4_bm3d_clahe,BM3D + CLAHE,True,2,0.3333333333333333,0.3333333333333333,0.3333333333333333,1,2,2
d933f429cc,1_bm3d,BM3D only,True,5,0.0,0.0,0.0,0,5,1
d933f429cc,2_bm3d_noise2sr,BM3D + Noise2SR,True,4,0.0,0.0,0.0,0,4,1
d933f429cc,3_bm3d_noise2sr_clahe,BM3D + Noise2SR + CLAHE,True,3,0.0,0.0,0.0,0,3,1
d933f429cc,4_bm3d_clahe,BM3D + CLAHE,True,3,0.0,0.0,0.0,0,3,1
dbbbce5020,1_bm3d,BM3D only,True,0,1.0,1.0,1.0,16,0,0
dbbbce5020,2_bm3d_noise2sr,BM3D + Noise2SR,True,0,1.0,1.0,1.0,16,0,0
dbbbce5020,3_bm3d_noise2sr_clahe,BM3D + Noise2SR + CLAHE,True,0,1.0,1.0,1.0,16,0,0
dbbbce5020,4_bm3d_clahe,BM3D + CLAHE,True,0,1.0,1.0,1.0,16,0,0
dc20484021,1_bm3d,BM3D only,True,10,0.0,0.0,0.0,0,10,1
dc20484021,2_bm3d_noise2sr,BM3D + Noise2SR,True,10,0.0,0.0,0.0,0,10,1
dc20484021,3_bm3d_noise2sr_clahe,BM3D + Noise2SR + CLAHE,True,0,1.0,1.0,1.0,1,0,0
dc20484021,4_bm3d_clahe,BM3D + CLAHE,True,1,0.5,1.0,0.6666666666666666,1,1,0
dc25ff5266,1_bm3d,BM3D only,True,6,0.9478260869565216,0.8582677165354331,0.9008264462809916,109,6,18
dc25ff5266,2_bm3d_noise2sr,BM3D + Noise2SR,True,5,0.9545454545454546,0.8267716535433071,0.8860759493670887,105,5,22
dc25ff5266,3_bm3d_noise2sr_clahe,BM3D + Noise2SR + CLAHE,True,3,0.9577464788732394,0.5354330708661418,0.6868686868686869,68,3,59
dc25ff5266,4_bm3d_clahe,BM3D + CLAHE,True,3,0.9634146341463414,0.6220472440944882,0.7559808612440192,79,3,48
dcfbfa74e4,1_bm3d,BM3D only,True,0,1.0,1.0,1.0,4,0,0
dcfbfa74e4,2_bm3d_noise2sr,BM3D + Noise2SR,True,0,1.0,1.0,1.0,4,0,0
dcfbfa74e4,3_bm3d_noise2sr_clahe,BM3D + Noise2SR + CLAHE,True,0,1.0,1.0,1.0,4,0,0
dcfbfa74e4,4_bm3d_clahe,BM3D + CLAHE,True,0,1.0,1.0,1.0,4,0,0
ddffc403e3,1_bm3d,BM3D only,True,3,0.9142857142857144,0.9411764705882352,0.927536231884058,32,3,2
ddffc403e3,2_bm3d_noise2sr,BM3D + Noise2SR,True,2,0.9411764705882352,0.9411764705882352,0.9411764705882352,32,2,2
ddffc403e3,3_bm3d_noise2sr_clahe,BM3D + Noise2SR + CLAHE,True,1,0.9523809523809524,0.5882352941176471,0.7272727272727274,20,1,14
ddffc403e3,4_bm3d_clahe,BM3D + CLAHE,True,2,0.92,0.6764705882352942,0.7796610169491526,23,2,11
de1d3f1409,1_bm3d,BM3D only,True,0,1.0,0.75,0.8571428571428571,3,0,1
de1d3f1409,2_bm3d_noise2sr,BM3D + Noise2SR,True,0,1.0,0.75,0.8571428571428571,3,0,1
de1d3f1409,3_bm3d_noise2sr_clahe,BM3D + Noise2SR + CLAHE,True,2,0.6,0.75,0.6666666666666665,3,2,1
de1d3f1409,4_bm3d_clahe,BM3D + CLAHE,True,2,0.6,0.75,0.6666666666666665,3,2,1
dedf11eb6c,1_bm3d,BM3D only,True,0,1.0,1.0,1.0,1,0,0
dedf11eb6c,2_bm3d_noise2sr,BM3D + Noise2SR,True,0,1.0,1.0,1.0,1,0,0
dedf11eb6c,3_bm3d_noise2sr_clahe,BM3D + Noise2SR + CLAHE,True,0,1.0,1.0,1.0,1,0,0
dedf11eb6c,4_bm3d_clahe,BM3D + CLAHE,True,1,0.5,1.0,0.6666666666666666,1,1,0
dfeaa0d54b,1_bm3d,BM3D only,True,1,0.5,0.5,0.5,1,1,1
dfeaa0d54b,2_bm3d_noise2sr,BM3D + Noise2SR,True,0,1.0,1.0,1.0,2,0,0
dfeaa0d54b,3_bm3d_noise2sr_clahe,BM3D + Noise2SR + CLAHE,True,0,1.0,0.5,0.6666666666666666,1,0,1
dfeaa0d54b,4_bm3d_clahe,BM3D + CLAHE,True,3,0.0,0.0,0.0,0,3,2
e071eefebb,1_bm3d,BM3D only,True,0,1.0,0.6666666666666666,0.8,4,0,2
e071eefebb,2_bm3d_noise2sr,BM3D + Noise2SR,True,0,1.0,1.0,1.0,6,0,0
e071eefebb,3_bm3d_noise2sr_clahe,BM3D + Noise2SR + CLAHE,True,0,0.0,0.0,0.0,0,0,6
e071eefebb,4_bm3d_clahe,BM3D + CLAHE,True,0,0.0,0.0,0.0,0,0,6
e111fb569d,1_bm3d,BM3D only,True,0,1.0,1.0,1.0,4,0,0
e111fb569d,2_bm3d_noise2sr,BM3D + Noise2SR,True,0,1.0,1.0,1.0,4,0,0
e111fb569d,3_bm3d_noise2sr_clahe,BM3D + Noise2SR + CLAHE,True,0,1.0,0.25,0.4,1,0,3
e111fb569d,4_bm3d_clahe,BM3D + CLAHE,True,0,1.0,0.25,0.4,1,0,3
e1adc2ba25,1_bm3d,BM3D only,True,10,0.2857142857142857,0.2666666666666666,0.2758620689655172,4,10,11
e1adc2ba25,2_bm3d_noise2sr,BM3D + Noise2SR,True,8,0.4285714285714285,0.4,0.4137931034482759,6,8,9
e1adc2ba25,3_bm3d_noise2sr_clahe,BM3D + Noise2SR + CLAHE,True,0,1.0,0.3333333333333333,0.5,5,0,10
e1adc2ba25,4_bm3d_clahe,BM3D + CLAHE,True,0,1.0,0.6666666666666666,0.8,10,0,5
e211d9d7ac,1_bm3d,BM3D only,True,1,0.8333333333333334,1.0,0.9090909090909092,5,1,0
e211d9d7ac,2_bm3d_noise2sr,BM3D + Noise2SR,True,1,0.8333333333333334,1.0,0.9090909090909092,5,1,0
e211d9d7ac,3_bm3d_noise2sr_clahe,BM3D + Noise2SR + CLAHE,True,4,0.2,0.2,0.2,1,4,4
e211d9d7ac,4_bm3d_clahe,BM3D + CLAHE,True,1,0.5,0.2,0.2857142857142857,1,1,4
e2d9d3d783,1_bm3d,BM3D only,True,4,0.0,0.0,0.0,0,4,1
e2d9d3d783,2_bm3d_noise2sr,BM3D + Noise2SR,True,3,0.0,0.0,0.0,0,3,1
e2d9d3d783,3_bm3d_noise2sr_clahe,BM3D + Noise2SR + CLAHE,True,1,0.0,0.0,0.0,0,1,1
e2d9d3d783,4_bm3d_clahe,BM3D + CLAHE,True,2,0.0,0.0,0.0,0,2,1
e3a800b533,1_bm3d,BM3D only,True,0,1.0,0.7806451612903226,0.8768115942028984,121,0,34
e3a800b533,2_bm3d_noise2sr,BM3D + Noise2SR,True,0,1.0,0.6645161290322581,0.7984496124031008,103,0,52
e3a800b533,3_bm3d_noise2sr_clahe,BM3D + Noise2SR + CLAHE,True,1,0.0,0.0,0.0,0,1,155
e3a800b533,4_bm3d_clahe,BM3D + CLAHE,True,1,0.5,0.0064516129032258,0.0127388535031847,1,1,154
e4065c11e4,1_bm3d,BM3D only,True,1,0.8333333333333334,0.8333333333333334,0.8333333333333334,5,1,1
e4065c11e4,2_bm3d_noise2sr,BM3D + Noise2SR,True,1,0.8333333333333334,0.8333333333333334,0.8333333333333334,5,1,1
e4065c11e4,3_bm3d_noise2sr_clahe,BM3D + Noise2SR + CLAHE,True,1,0.8333333333333334,0.8333333333333334,0.8333333333333334,5,1,1
e4065c11e4,4_bm3d_clahe,BM3D + CLAHE,True,0,1.0,0.8333333333333334,0.9090909090909092,5,0,1
e4268d7502,1_bm3d,BM3D only,True,0,1.0,1.0,1.0,1,0,0
e4268d7502,2_bm3d_noise2sr,BM3D + Noise2SR,True,0,1.0,1.0,1.0,1,0,0
e4268d7502,3_bm3d_noise2sr_clahe,BM3D + Noise2SR + CLAHE,True,0,1.0,1.0,1.0,1,0,0
e4268d7502,4_bm3d_clahe,BM3D + CLAHE,True,0,1.0,1.0,1.0,1,0,0
e493a405ad,1_bm3d,BM3D only,True,0,1.0,0.0097560975609756,0.0193236714975845,2,0,203
e493a405ad,2_bm3d_noise2sr,BM3D + Noise2SR,True,0,1.0,0.0048780487804878,0.0097087378640776,1,0,204
e493a405ad,3_bm3d_noise2sr_clahe,BM3D + Noise2SR + CLAHE,True,0,0.0,0.0,0.0,0,0,205
e493a405ad,4_bm3d_clahe,BM3D + CLAHE,True,0,0.0,0.0,0.0,0,0,205
e49e69fd61,1_bm3d,BM3D only,True,0,1.0,0.8,0.888888888888889,4,0,1
e49e69fd61,2_bm3d_noise2sr,BM3D + Noise2SR,True,0,1.0,0.8,0.888888888888889,4,0,1
e49e69fd61,3_bm3d_noise2sr_clahe,BM3D + Noise2SR + CLAHE,True,0,1.0,0.8,0.888888888888889,4,0,1
e49e69fd61,4_bm3d_clahe,BM3D + CLAHE,True,0,1.0,0.8,0.888888888888889,4,0,1
e59a1a493e,1_bm3d,BM3D only,True,1,0.75,1.0,0.8571428571428571,3,1,0
e59a1a493e,2_bm3d_noise2sr,BM3D + Noise2SR,True,1,0.75,1.0,0.8571428571428571,3,1,0
e59a1a493e,3_bm3d_noise2sr_clahe,BM3D + Noise2SR + CLAHE,True,0,0.0,0.0,0.0,0,0,3
e59a1a493e,4_bm3d_clahe,BM3D + CLAHE,True,1,0.0,0.0,0.0,0,1,3
e6bfc43298,1_bm3d,BM3D only,True,1,0.8,0.6666666666666666,0.7272727272727272,4,1,2
e6bfc43298,2_bm3d_noise2sr,BM3D + Noise2SR,True,1,0.8,0.6666666666666666,0.7272727272727272,4,1,2
e6bfc43298,3_bm3d_noise2sr_clahe,BM3D + Noise2SR + CLAHE,True,2,0.6,0.5,0.5454545454545454,3,2,3
e6bfc43298,4_bm3d_clahe,BM3D + CLAHE,True,1,0.8,0.6666666666666666,0.7272727272727272,4,1,2
e7187b91bf,1_bm3d,BM3D only,True,0,1.0,1.0,1.0,1,0,0
e7187b91bf,2_bm3d_noise2sr,BM3D + Noise2SR,True,0,1.0,1.0,1.0,1,0,0
e7187b91bf,3_bm3d_noise2sr_clahe,BM3D + Noise2SR + CLAHE,True,0,1.0,1.0,1.0,1,0,0
e7187b91bf,4_bm3d_clahe,BM3D + CLAHE,True,0,1.0,1.0,1.0,1,0,0
e73bcbd77d,1_bm3d,BM3D only,True,0,1.0,1.0,1.0,4,0,0
e73bcbd77d,2_bm3d_noise2sr,BM3D + Noise2SR,True,0,1.0,1.0,1.0,4,0,0
e73bcbd77d,3_bm3d_noise2sr_clahe,BM3D + Noise2SR + CLAHE,True,0,0.0,0.0,0.0,0,0,4
e73bcbd77d,4_bm3d_clahe,BM3D + CLAHE,True,0,0.0,0.0,0.0,0,0,4
e83de4878a,1_bm3d,BM3D only,True,3,0.8421052631578947,1.0,0.9142857142857144,16,3,0
e83de4878a,2_bm3d_noise2sr,BM3D + Noise2SR,True,5,0.7619047619047619,1.0,0.8648648648648648,16,5,0
e83de4878a,3_bm3d_noise2sr_clahe,BM3D + Noise2SR + CLAHE,True,4,0.8,1.0,0.888888888888889,16,4,0
e83de4878a,4_bm3d_clahe,BM3D + CLAHE,True,2,0.8888888888888888,1.0,0.9411764705882352,16,2,0
e853d120fa,1_bm3d,BM3D only,True,0,1.0,1.0,1.0,2,0,0
e853d120fa,2_bm3d_noise2sr,BM3D + Noise2SR,True,0,1.0,1.0,1.0,2,0,0
e853d120fa,3_bm3d_noise2sr_clahe,BM3D + Noise2SR + CLAHE,True,0,1.0,1.0,1.0,2,0,0
e853d120fa,4_bm3d_clahe,BM3D + CLAHE,True,0,1.0,1.0,1.0,2,0,0
e8e39c913a,1_bm3d,BM3D only,True,0,1.0,0.9655172413793104,0.9824561403508772,28,0,1
e8e39c913a,2_bm3d_noise2sr,BM3D + Noise2SR,True,0,1.0,0.9655172413793104,0.9824561403508772,28,0,1
e8e39c913a,3_bm3d_noise2sr_clahe,BM3D + Noise2SR + CLAHE,True,0,1.0,0.7241379310344828,0.8400000000000001,21,0,8
e8e39c913a,4_bm3d_clahe,BM3D + CLAHE,True,0,1.0,0.7241379310344828,0.8400000000000001,21,0,8
ea71fe4650,1_bm3d,BM3D only,True,1,0.9230769230769232,1.0,0.96,12,1,0
ea71fe4650,2_bm3d_noise2sr,BM3D + Noise2SR,True,1,0.9230769230769232,1.0,0.96,12,1,0
ea71fe4650,3_bm3d_noise2sr_clahe,BM3D + Noise2SR + CLAHE,True,0,1.0,0.9166666666666666,0.9565217391304348,11,0,1
ea71fe4650,4_bm3d_clahe,BM3D + CLAHE,True,0,1.0,0.9166666666666666,0.9565217391304348,11,0,1
eb67400438,1_bm3d,BM3D only,True,1,0.9,1.0,0.9473684210526316,9,1,0
eb67400438,2_bm3d_noise2sr,BM3D + Noise2SR,True,0,1.0,1.0,1.0,9,0,0
eb67400438,3_bm3d_noise2sr_clahe,BM3D + Noise2SR + CLAHE,True,0,1.0,0.1111111111111111,0.1999999999999999,1,0,8
eb67400438,4_bm3d_clahe,BM3D + CLAHE,True,0,0.0,0.0,0.0,0,0,9
ec2cc16d2a,1_bm3d,BM3D only,True,0,1.0,1.0,1.0,5,0,0
ec2cc16d2a,2_bm3d_noise2sr,BM3D + Noise2SR,True,0,1.0,1.0,1.0,5,0,0
ec2cc16d2a,3_bm3d_noise2sr_clahe,BM3D + Noise2SR + CLAHE,True,1,0.75,0.6,0.6666666666666665,3,1,2
ec2cc16d2a,4_bm3d_clahe,BM3D + CLAHE,True,1,0.75,0.6,0.6666666666666665,3,1,2
ec62d76c0a,1_bm3d,BM3D only,True,2,0.3333333333333333,1.0,0.5,1,2,0
ec62d76c0a,2_bm3d_noise2sr,BM3D + Noise2SR,True,1,0.5,1.0,0.6666666666666666,1,1,0
ec62d76c0a,3_bm3d_noise2sr_clahe,BM3D + Noise2SR + CLAHE,True,0,1.0,1.0,1.0,1,0,0
ec62d76c0a,4_bm3d_clahe,BM3D + CLAHE,True,0,1.0,1.0,1.0,1,0,0
ed120ef412,1_bm3d,BM3D only,True,0,1.0,1.0,1.0,8,0,0
ed120ef412,2_bm3d_noise2sr,BM3D + Noise2SR,True,0,1.0,1.0,1.0,8,0,0
ed120ef412,3_bm3d_noise2sr_clahe,BM3D + Noise2SR + CLAHE,True,0,1.0,0.875,0.9333333333333332,7,0,1
ed120ef412,4_bm3d_clahe,BM3D + CLAHE,True,0,1.0,0.625,0.7692307692307693,5,0,3
ed3547f3da,1_bm3d,BM3D only,True,1,0.875,0.875,0.875,7,1,1
ed3547f3da,2_bm3d_noise2sr,BM3D + Noise2SR,True,1,0.875,0.875,0.875,7,1,1
ed3547f3da,3_bm3d_noise2sr_clahe,BM3D + Noise2SR + CLAHE,True,0,1.0,1.0,1.0,8,0,0
ed3547f3da,4_bm3d_clahe,BM3D + CLAHE,True,0,1.0,1.0,1.0,8,0,0
ee161d333c,1_bm3d,BM3D only,True,0,1.0,1.0,1.0,2,0,0
ee161d333c,2_bm3d_noise2sr,BM3D + Noise2SR,True,0,1.0,1.0,1.0,2,0,0
ee161d333c,3_bm3d_noise2sr_clahe,BM3D + Noise2SR + CLAHE,True,0,1.0,1.0,1.0,2,0,0
ee161d333c,4_bm3d_clahe,BM3D + CLAHE,True,0,1.0,1.0,1.0,2,0,0
ee8a331d06,1_bm3d,BM3D only,True,1,0.8571428571428571,0.75,0.7999999999999999,6,1,2
ee8a331d06,2_bm3d_noise2sr,BM3D + Noise2SR,True,0,1.0,0.875,0.9333333333333332,7,0,1
ee8a331d06,3_bm3d_noise2sr_clahe,BM3D + Noise2SR + CLAHE,True,3,0.6666666666666666,0.75,0.7058823529411765,6,3,2
ee8a331d06,4_bm3d_clahe,BM3D + CLAHE,True,3,0.6666666666666666,0.75,0.7058823529411765,6,3,2
eed04b7d68,1_bm3d,BM3D only,True,2,0.0,0.0,0.0,0,2,2
eed04b7d68,2_bm3d_noise2sr,BM3D + Noise2SR,True,2,0.0,0.0,0.0,0,2,2
eed04b7d68,3_bm3d_noise2sr_clahe,BM3D + Noise2SR + CLAHE,True,0,1.0,1.0,1.0,2,0,0
eed04b7d68,4_bm3d_clahe,BM3D + CLAHE,True,3,0.25,0.5,0.3333333333333333,1,3,1
ef6bbe7612,1_bm3d,BM3D only,True,2,0.9666666666666668,0.9508196721311476,0.9586776859504132,58,2,3
ef6bbe7612,2_bm3d_noise2sr,BM3D + Noise2SR,True,2,0.9666666666666668,0.9508196721311476,0.9586776859504132,58,2,3
ef6bbe7612,3_bm3d_noise2sr_clahe,BM3D + Noise2SR + CLAHE,True,0,1.0,0.9344262295081968,0.9661016949152544,57,0,4
ef6bbe7612,4_bm3d_clahe,BM3D + CLAHE,True,0,1.0,0.9344262295081968,0.9661016949152544,57,0,4
f068954421,1_bm3d,BM3D only,True,0,1.0,1.0,1.0,3,0,0
f068954421,2_bm3d_noise2sr,BM3D + Noise2SR,True,0,1.0,1.0,1.0,3,0,0
f068954421,3_bm3d_noise2sr_clahe,BM3D + Noise2SR + CLAHE,True,0,1.0,0.6666666666666666,0.8,2,0,1
f068954421,4_bm3d_clahe,BM3D + CLAHE,True,1,0.6666666666666666,0.6666666666666666,0.6666666666666666,2,1,1
f24b8804c9,1_bm3d,BM3D only,True,0,1.0,0.44,0.6111111111111112,11,0,14
f24b8804c9,2_bm3d_noise2sr,BM3D + Noise2SR,True,0,1.0,0.32,0.4848484848484848,8,0,17
f24b8804c9,3_bm3d_noise2sr_clahe,BM3D + Noise2SR + CLAHE,True,0,1.0,0.12,0.2142857142857142,3,0,22
f24b8804c9,4_bm3d_clahe,BM3D + CLAHE,True,0,1.0,0.12,0.2142857142857142,3,0,22
f28b702df5,1_bm3d,BM3D only,True,1,0.8333333333333334,0.8333333333333334,0.8333333333333334,5,1,1
f28b702df5,2_bm3d_noise2sr,BM3D + Noise2SR,True,0,1.0,1.0,1.0,6,0,0
f28b702df5,3_bm3d_noise2sr_clahe,BM3D + Noise2SR + CLAHE,True,0,1.0,0.6666666666666666,0.8,4,0,2
f28b702df5,4_bm3d_clahe,BM3D + CLAHE,True,0,1.0,0.5,0.6666666666666666,3,0,3
f29baed81b,1_bm3d,BM3D only,True,3,0.25,0.25,0.25,1,3,3
f29baed81b,2_bm3d_noise2sr,BM3D + Noise2SR,True,2,0.3333333333333333,0.25,0.2857142857142857,1,2,3
f29baed81b,3_bm3d_noise2sr_clahe,BM3D + Noise2SR + CLAHE,True,3,0.0,0.0,0.0,0,3,4
f29baed81b,4_bm3d_clahe,BM3D + CLAHE,True,3,0.0,0.0,0.0,0,3,4
f447a36b0b,1_bm3d,BM3D only,True,0,1.0,1.0,1.0,9,0,0
f447a36b0b,2_bm3d_noise2sr,BM3D + Noise2SR,True,0,1.0,1.0,1.0,9,0,0
f447a36b0b,3_bm3d_noise2sr_clahe,BM3D + Noise2SR + CLAHE,True,0,1.0,1.0,1.0,9,0,0
f447a36b0b,4_bm3d_clahe,BM3D + CLAHE,True,3,0.75,1.0,0.8571428571428571,9,3,0
f485e2051b,1_bm3d,BM3D only,True,1,0.986842105263158,0.7731958762886598,0.8670520231213872,75,1,22
f485e2051b,2_bm3d_noise2sr,BM3D + Noise2SR,True,2,0.9743589743589745,0.7835051546391752,0.8685714285714285,76,2,21
f485e2051b,3_bm3d_noise2sr_clahe,BM3D + Noise2SR + CLAHE,True,0,0.0,0.0,0.0,0,0,97
f485e2051b,4_bm3d_clahe,BM3D + CLAHE,True,0,1.0,0.0103092783505154,0.0204081632653061,1,0,96
f5235de51f,1_bm3d,BM3D only,True,7,0.4615384615384615,0.75,0.5714285714285714,6,7,2
f5235de51f,2_bm3d_noise2sr,BM3D + Noise2SR,True,5,0.5833333333333334,0.875,0.7000000000000001,7,5,1
f5235de51f,3_bm3d_noise2sr_clahe,BM3D + Noise2SR + CLAHE,True,0,1.0,0.875,0.9333333333333332,7,0,1
f5235de51f,4_bm3d_clahe,BM3D + CLAHE,True,1,0.875,0.875,0.875,7,1,1
f664201c62,1_bm3d,BM3D only,True,2,0.9555555555555556,0.9347826086956522,0.945054945054945,43,2,3
f664201c62,2_bm3d_noise2sr,BM3D + Noise2SR,True,2,0.9534883720930232,0.8913043478260869,0.9213483146067416,41,2,5
f664201c62,3_bm3d_noise2sr_clahe,BM3D + Noise2SR + CLAHE,True,2,0.9523809523809524,0.8695652173913043,0.909090909090909,40,2,6
f664201c62,4_bm3d_clahe,BM3D + CLAHE,True,2,0.9534883720930232,0.8913043478260869,0.9213483146067416,41,2,5
f6e0ae6378,1_bm3d,BM3D only,True,1,0.96,0.96,0.96,24,1,1
f6e0ae6378,2_bm3d_noise2sr,BM3D + Noise2SR,True,1,0.96,0.96,0.96,24,1,1
f6e0ae6378,3_bm3d_noise2sr_clahe,BM3D + Noise2SR + CLAHE,True,0,1.0,0.96,0.979591836734694,24,0,1
f6e0ae6378,4_bm3d_clahe,BM3D + CLAHE,True,1,0.96,0.96,0.96,24,1,1
f6f3758bf4,1_bm3d,BM3D only,True,1,0.0,0.0,0.0,0,1,1
f6f3758bf4,2_bm3d_noise2sr,BM3D + Noise2SR,True,1,0.0,0.0,0.0,0,1,1
f6f3758bf4,3_bm3d_noise2sr_clahe,BM3D + Noise2SR + CLAHE,True,1,0.0,0.0,0.0,0,1,1
f6f3758bf4,4_bm3d_clahe,BM3D + CLAHE,True,1,0.0,0.0,0.0,0,1,1
f73d0ac26a,1_bm3d,BM3D only,True,0,1.0,1.0,1.0,6,0,0
f73d0ac26a,2_bm3d_noise2sr,BM3D + Noise2SR,True,0,1.0,1.0,1.0,6,0,0
f73d0ac26a,3_bm3d_noise2sr_clahe,BM3D + Noise2SR + CLAHE,True,0,1.0,1.0,1.0,6,0,0
f73d0ac26a,4_bm3d_clahe,BM3D + CLAHE,True,0,1.0,1.0,1.0,6,0,0
f77a745ba2,1_bm3d,BM3D only,True,0,1.0,1.0,1.0,1,0,0
f77a745ba2,2_bm3d_noise2sr,BM3D + Noise2SR,True,0,1.0,1.0,1.0,1,0,0
f77a745ba2,3_bm3d_noise2sr_clahe,BM3D + Noise2SR + CLAHE,True,1,0.0,0.0,0.0,0,1,1
f77a745ba2,4_bm3d_clahe,BM3D + CLAHE,True,0,1.0,1.0,1.0,1,0,0
f78844f8ce,1_bm3d,BM3D only,True,1,0.0,0.0,0.0,0,1,1
f78844f8ce,2_bm3d_noise2sr,BM3D + Noise2SR,True,1,0.0,0.0,0.0,0,1,1
f78844f8ce,3_bm3d_noise2sr_clahe,BM3D + Noise2SR + CLAHE,True,0,1.0,1.0,1.0,1,0,0
f78844f8ce,4_bm3d_clahe,BM3D + CLAHE,True,0,1.0,1.0,1.0,1,0,0
f7f7093f0f,1_bm3d,BM3D only,True,3,0.4,0.5,0.4444444444444445,2,3,2
f7f7093f0f,2_bm3d_noise2sr,BM3D + Noise2SR,True,3,0.4,0.5,0.4444444444444445,2,3,2
f7f7093f0f,3_bm3d_noise2sr_clahe,BM3D + Noise2SR + CLAHE,True,0,1.0,1.0,1.0,4,0,0
f7f7093f0f,4_bm3d_clahe,BM3D + CLAHE,True,1,0.8,1.0,0.888888888888889,4,1,0
f7f9125fb0,1_bm3d,BM3D only,True,0,1.0,1.0,1.0,3,0,0
f7f9125fb0,2_bm3d_noise2sr,BM3D + Noise2SR,True,0,1.0,1.0,1.0,3,0,0
f7f9125fb0,3_bm3d_noise2sr_clahe,BM3D + Noise2SR + CLAHE,True,0,1.0,1.0,1.0,3,0,0
f7f9125fb0,4_bm3d_clahe,BM3D + CLAHE,True,2,0.6,1.0,0.7499999999999999,3,2,0
f7fa7d1729,1_bm3d,BM3D only,True,1,0.9,0.6923076923076923,0.7826086956521738,9,1,4
f7fa7d1729,2_bm3d_noise2sr,BM3D + Noise2SR,True,1,0.9090909090909092,0.7692307692307693,0.8333333333333333,10,1,3
f7fa7d1729,3_bm3d_noise2sr_clahe,BM3D + Noise2SR + CLAHE,True,0,0.0,0.0,0.0,0,0,13
f7fa7d1729,4_bm3d_clahe,BM3D + CLAHE,True,0,1.0,0.2307692307692307,0.375,3,0,10
f84ce9e349,1_bm3d,BM3D only,True,0,1.0,0.0391061452513966,0.075268817204301,7,0,172
f84ce9e349,2_bm3d_noise2sr,BM3D + Noise2SR,True,0,1.0,0.0279329608938547,0.0543478260869565,5,0,174
f84ce9e349,3_bm3d_noise2sr_clahe,BM3D + Noise2SR + CLAHE,True,2,0.0,0.0,0.0,0,2,179
f84ce9e349,4_bm3d_clahe,BM3D + CLAHE,True,1,0.0,0.0,0.0,0,1,179
f8a1b2bf39,1_bm3d,BM3D only,True,0,1.0,1.0,1.0,2,0,0
f8a1b2bf39,2_bm3d_noise2sr,BM3D + Noise2SR,True,1,0.6666666666666666,1.0,0.8,2,1,0
f8a1b2bf39,3_bm3d_noise2sr_clahe,BM3D + Noise2SR + CLAHE,True,2,0.5,1.0,0.6666666666666666,2,2,0
f8a1b2bf39,4_bm3d_clahe,BM3D + CLAHE,True,2,0.5,1.0,0.6666666666666666,2,2,0
f98c5fb82a,1_bm3d,BM3D only,True,0,1.0,1.0,1.0,43,0,0
f98c5fb82a,2_bm3d_noise2sr,BM3D + Noise2SR,True,0,1.0,1.0,1.0,43,0,0
f98c5fb82a,3_bm3d_noise2sr_clahe,BM3D + Noise2SR + CLAHE,True,0,1.0,0.9534883720930232,0.9761904761904764,41,0,2
f98c5fb82a,4_bm3d_clahe,BM3D + CLAHE,True,1,0.9767441860465116,0.9767441860465116,0.9767441860465116,42,1,1
fab3633337,1_bm3d,BM3D only,True,0,1.0,1.0,1.0,1,0,0
fab3633337,2_bm3d_noise2sr,BM3D + Noise2SR,True,0,1.0,1.0,1.0,1,0,0
fab3633337,3_bm3d_noise2sr_clahe,BM3D + Noise2SR + CLAHE,True,0,1.0,1.0,1.0,1,0,0
fab3633337,4_bm3d_clahe,BM3D + CLAHE,True,0,1.0,1.0,1.0,1,0,0
fb1eb65fe5,1_bm3d,BM3D only,True,0,1.0,0.9642857142857144,0.9818181818181818,27,0,1
fb1eb65fe5,2_bm3d_noise2sr,BM3D + Noise2SR,True,0,1.0,0.9642857142857144,0.9818181818181818,27,0,1
fb1eb65fe5,3_bm3d_noise2sr_clahe,BM3D + Noise2SR + CLAHE,True,0,1.0,0.9642857142857144,0.9818181818181818,27,0,1
fb1eb65fe5,4_bm3d_clahe,BM3D + CLAHE,True,0,1.0,0.9642857142857144,0.9818181818181818,27,0,1
fc9e19325c,1_bm3d,BM3D only,True,2,0.0,0.0,0.0,0,2,1
fc9e19325c,2_bm3d_noise2sr,BM3D + Noise2SR,True,2,0.0,0.0,0.0,0,2,1
fc9e19325c,3_bm3d_noise2sr_clahe,BM3D + Noise2SR + CLAHE,True,3,0.0,0.0,0.0,0,3,1
fc9e19325c,4_bm3d_clahe,BM3D + CLAHE,True,4,0.0,0.0,0.0,0,4,1
fcc97c015c,1_bm3d,BM3D only,True,0,1.0,0.9,0.9473684210526316,9,0,1
fcc97c015c,2_bm3d_noise2sr,BM3D + Noise2SR,True,1,0.9,0.9,0.9,9,1,1
fcc97c015c,3_bm3d_noise2sr_clahe,BM3D + Noise2SR + CLAHE,True,0,1.0,0.9,0.9473684210526316,9,0,1
fcc97c015c,4_bm3d_clahe,BM3D + CLAHE,True,0,1.0,0.9,0.9473684210526316,9,0,1
fd1f58d925,1_bm3d,BM3D only,True,0,1.0,0.896551724137931,0.9454545454545454,26,0,3
fd1f58d925,2_bm3d_noise2sr,BM3D + Noise2SR,True,0,1.0,0.8620689655172413,0.925925925925926,25,0,4
fd1f58d925,3_bm3d_noise2sr_clahe,BM3D + Noise2SR + CLAHE,True,1,0.8888888888888888,0.2758620689655172,0.4210526315789473,8,1,21
fd1f58d925,4_bm3d_clahe,BM3D + CLAHE,True,1,0.9523809523809524,0.6896551724137931,0.7999999999999999,20,1,9
fe76e94abf,1_bm3d,BM3D only,True,0,1.0,1.0,1.0,7,0,0
fe76e94abf,2_bm3d_noise2sr,BM3D + Noise2SR,True,0,1.0,1.0,1.0,7,0,0
fe76e94abf,3_bm3d_noise2sr_clahe,BM3D + Noise2SR + CLAHE,True,0,1.0,1.0,1.0,7,0,0
fe76e94abf,4_bm3d_clahe,BM3D + CLAHE,True,0,1.0,1.0,1.0,7,0,0
fe83ead30b,1_bm3d,BM3D only,True,0,1.0,1.0,1.0,2,0,0
fe83ead30b,2_bm3d_noise2sr,BM3D + Noise2SR,True,0,1.0,1.0,1.0,2,0,0
fe83ead30b,3_bm3d_noise2sr_clahe,BM3D + Noise2SR + CLAHE,True,0,1.0,1.0,1.0,2,0,0
fe83ead30b,4_bm3d_clahe,BM3D + CLAHE,True,0,1.0,1.0,1.0,2,0,0
fe9791f122,1_bm3d,BM3D only,True,0,1.0,0.2788461538461538,0.4360902255639098,29,0,75
fe9791f122,2_bm3d_noise2sr,BM3D + Noise2SR,True,0,1.0,0.2115384615384615,0.3492063492063492,22,0,82
fe9791f122,3_bm3d_noise2sr_clahe,BM3D + Noise2SR + CLAHE,True,0,0.0,0.0,0.0,0,0,104
fe9791f122,4_bm3d_clahe,BM3D + CLAHE,True,0,0.0,0.0,0.0,0,0,104
ffae2f363e,1_bm3d,BM3D only,True,4,0.2,1.0,0.3333333333333333,1,4,0
ffae2f363e,2_bm3d_noise2sr,BM3D + Noise2SR,True,4,0.2,1.0,0.3333333333333333,1,4,0
ffae2f363e,3_bm3d_noise2sr_clahe,BM3D + Noise2SR + CLAHE,True,1,0.0,0.0,0.0,0,1,1
ffae2f363e,4_bm3d_clahe,BM3D + CLAHE,True,4,0.0,0.0,0.0,0,4,1
fff35f80e1,1_bm3d,BM3D only,True,1,0.8,1.0,0.888888888888889,4,1,0
fff35f80e1,2_bm3d_noise2sr,BM3D + Noise2SR,True,1,0.8,1.0,0.888888888888889,4,1,0
fff35f80e1,3_bm3d_noise2sr_clahe,BM3D + Noise2SR + CLAHE,True,1,0.8,1.0,0.888888888888889,4,1,0
fff35f80e1,4_bm3d_clahe,BM3D + CLAHE,True,4,0.5,1.0,0.6666666666666666,4,4,0
